Date,Revenue,COGS
7/4/2012,5123547.94,3982991.19
7/5/2012,2751773.45,2150580.23
7/6/2012,3054029.42,2517632.84
7/7/2012,2667930.94,2108246.62
7/8/2012,2360851.9,1808622.79
7/9/2012,3548386.46,2787841.68
7/10/2012,5234938.62,4044438.84
7/11/2012,5582884.78,4338313.07
7/12/2012,5734632.02,4458811.27
7/13/2012,5309511.71,4143402.78
7/14/2012,3820831.41,3075464.87
7/15/2012,3948841.28,3154482.05
7/16/2012,3503801.49,2708219.59
7/17/2012,4476729.49,3463061.65
7/18/2012,5184141.46,4072012.16
7/19/2012,6421487.11,5007270.91
7/20/2012,5171470.46,4213989.64
7/21/2012,3442157.02,2746075.45
7/22/2012,3117550.57,2531656.38
7/23/2012,4730517.69,3685006.66
7/24/2012,4096496.12,3248450.65
7/25/2012,5246688.08,4140019.37
7/26/2012,5851965.06,4579171.74
7/27/2012,5156699.45,3989402.2
7/28/2012,4326956.84,3403662.59
7/29/2012,4804199.65,3819645.91
7/30/2012,6586130.95,5195109.56
7/31/2012,9151622.14,7142891.18
8/1/2012,9148357.3,7308514.33
8/2/2012,9692427,7537501.15
8/3/2012,9297269.95,7118808.46
8/4/2012,6384195.03,5087528.11
8/5/2012,2359224.19,1863413.11
8/6/2012,3630003.7,2922718.71
8/7/2012,2240253.44,1781265.84
8/8/2012,2617553.36,1997006.42
8/9/2012,4478691.52,3621672.71
8/10/2012,3412496.65,2699279.56
8/11/2012,2732604.35,2168668.05
8/12/2012,3388181.83,2654275.25
8/13/2012,3928170.01,3189564.96
8/14/2012,4033912.16,3258198.58
8/15/2012,3780293.26,2886923.59
8/16/2012,5249978.18,4222455.97
8/17/2012,4089284.05,3238908.92
8/18/2012,3450015.71,2808916.94
8/19/2012,3904300.93,3006801.4
8/20/2012,3541027.32,2827038.81
8/21/2012,4147483.23,3364364.64
8/22/2012,4597682.81,3562468.33
8/23/2012,5478869.55,4195738.04
8/24/2012,4637850.57,3632210.67
8/25/2012,3589566.28,2784342.75
8/26/2012,4280204.53,3476942.48
8/27/2012,3038895.84,2365260.68
8/28/2012,9508676.62,7439851.59
8/29/2012,9260558.32,7336294.54
8/30/2012,10086534.1,7950911.72
8/31/2012,9104678.52,7277460.12
9/1/2012,8560208.92,6738335.17
9/2/2012,2587099.44,1946097.28
9/3/2012,3865505.01,3063431.08
9/4/2012,3645749.44,2876968.79
9/5/2012,2398185.51,1966376.48
9/6/2012,2858227.37,2147909.96
9/7/2012,3282753.8,2580035.06
9/8/2012,3666204.89,2804001.32
9/9/2012,4458501.42,3589475.8
9/10/2012,4548962.79,3517300.88
9/11/2012,4021565.55,3264364.41
9/12/2012,3335978.29,2673690.65
9/13/2012,2609609.29,2103806.97
9/14/2012,3729228.43,2835412.27
9/15/2012,3605125.64,2849539.9
9/16/2012,4452012.44,3561492.95
9/17/2012,4811788.67,3932069.23
9/18/2012,5078878.07,4123200.89
9/19/2012,3680241.62,3014323.76
9/20/2012,3763143.75,3080273.62
9/21/2012,3943768.14,2978697.93
9/22/2012,3872374.03,3011266.74
9/23/2012,4118299.54,3294951.2
9/24/2012,5733263.53,4585762.62
9/25/2012,5639897.53,4502395.62
9/26/2012,4592282.59,3670417.04
9/27/2012,7556892.66,6017108.13
9/28/2012,4892631.14,3884590.92
9/29/2012,5304374.46,4170120.63
9/30/2012,4694379.86,3812737.52
10/1/2012,4752532.1,3764447.04
10/2/2012,3233135.78,2566510.62
10/3/2012,3515132.03,2762823.63
10/4/2012,2398137.74,1902425.74
10/5/2012,2665953.06,2064899.19
10/6/2012,2205266.94,1755004.4
10/7/2012,3389598.07,2725469.75
10/8/2012,4037039.45,3285493.04
10/9/2012,4298675.76,3472700.63
10/10/2012,3548716.67,2839202.59
10/11/2012,3421490.39,2765374.16
10/12/2012,2380119.87,1830898.15
10/13/2012,2798011.44,2256579.15
10/14/2012,3055629.78,2516987.32
10/15/2012,3234517.3,2632811.8
10/16/2012,3549298.21,2763325.25
10/17/2012,3818048,3108682.75
10/18/2012,2909728.89,2301277.14
10/19/2012,2877379.81,2352068.71
10/20/2012,3242557.3,2647331.71
10/21/2012,2395609.91,1920246.47
10/22/2012,3596158.34,2873316.18
10/23/2012,3999141.88,3151858.27
10/24/2012,3829179.99,3037851.31
10/25/2012,3104460.52,2528526.7
10/26/2012,2138927.17,1671777.12
10/27/2012,2816872.34,2296869.06
10/28/2012,6259883.83,5044146.85
10/29/2012,5424539.1,4294440.71
10/30/2012,6347274.89,5049887.71
10/31/2012,4942677.89,3871571.88
11/1/2012,5536748.35,4440955.34
11/2/2012,1936831.08,1547786.14
11/3/2012,2911848.61,2151815.97
11/4/2012,2658832.75,2131401.7
11/5/2012,3332448.46,2732792.99
11/6/2012,3439495.01,2809375.18
11/7/2012,1969815.91,1538155.1
11/8/2012,2197716.17,1723412.77
11/9/2012,2920310.06,2308918.6
11/10/2012,3124993.27,2475389.25
11/11/2012,3484874.3,2713727.18
11/12/2012,3806978.06,3077336.49
11/13/2012,3848498.06,3048755.92
11/14/2012,3213518.64,2550177.92
11/15/2012,2996358.37,2282178.26
11/16/2012,2851503.98,2255928.16
11/17/2012,3258479.4,2499839.57
11/18/2012,3292697.97,2632996.71
11/19/2012,4654711.93,3714724.53
11/20/2012,3532139.01,2841184.71
11/21/2012,3144567.59,2465022.82
11/22/2012,2661394.83,2082526.75
11/23/2012,3625609.77,2879673.14
11/24/2012,2283866.51,1759438.38
11/25/2012,2891169.43,2288045.69
11/26/2012,3626699.25,2942841.67
11/27/2012,4703189.22,3751057.26
11/28/2012,3980270.66,3143037.5
11/29/2012,3116036.61,2564940.27
11/30/2012,3184691.98,2466641.44
12/1/2012,3064822.76,2435991.34
12/2/2012,1765509.34,1464812.23
12/3/2012,2315389.05,1807129.65
12/4/2012,2382954.42,1864688.02
12/5/2012,2286277.45,1849992.69
12/6/2012,2733678.5,2184618.1
12/7/2012,2065198.04,1633326.72
12/8/2012,2087384.34,1719369.91
12/9/2012,2430122.78,1883727.02
12/10/2012,2542389.69,2015472.58
12/11/2012,3699430.17,3001083.16
12/12/2012,4386420.92,3545221.89
12/13/2012,2326824.81,1839144.84
12/14/2012,2659317.57,2101555.8
12/15/2012,3385542.75,2693057.28
12/16/2012,3484853.43,2706611.68
12/17/2012,4281691.85,3433745.61
12/18/2012,4394537.67,3473710.24
12/19/2012,3785472.73,3004383.53
12/20/2012,3905985.95,3132486.67
12/21/2012,3966203.09,3174444.37
12/22/2012,3225123.87,2559516.54
12/23/2012,2151580.15,1770780.57
12/24/2012,3297376.6,2599138.83
12/25/2012,4917024.98,3856446.89
12/26/2012,3285221.25,2658633.45
12/27/2012,4994041.71,3924374.73
12/28/2012,8573663.31,6682336.48
12/29/2012,7842913.37,6260959.87
12/30/2012,6511908.92,5180121.12
12/31/2012,5573749.22,4432224.44
1/1/2013,5304546.99,4156070.2
1/2/2013,1606940.44,1237497.84
1/3/2013,2281680.01,1832133.02
1/4/2013,2376895.46,1940747.07
1/5/2013,2509462.77,1977027.71
1/6/2013,2603356.52,2060481.76
1/7/2013,3048100.39,2452517.39
1/8/2013,2449700.42,1973182.14
1/9/2013,2049715.7,1654806.5
1/10/2013,2794331.46,2122153.07
1/11/2013,2343077.25,1805692.13
1/12/2013,2814596.53,2241879.07
1/13/2013,2919719.62,2279740.92
1/14/2013,3077677.28,2477490.97
1/15/2013,2536405.93,2094291.34
1/16/2013,1849789.43,1445623.48
1/17/2013,2173214.95,1763012
1/18/2013,2099249.56,1615535.57
1/19/2013,2477132.79,2033637.15
1/20/2013,2522776.58,2018671.04
1/21/2013,4100379.42,3250868.59
1/22/2013,3538734.12,2801650.02
1/23/2013,2836455.88,2322088.98
1/24/2013,2522924.71,2102458.71
1/25/2013,2823082.71,2273250.41
1/26/2013,2312290.79,1869897.73
1/27/2013,3818881.29,3023842.24
1/28/2013,5008712.77,4035190.91
1/29/2013,4833870.43,4015854.7
1/30/2013,4296295.37,3414688.28
1/31/2013,3378679.46,2731823.14
2/1/2013,4073777.92,3289266.58
2/2/2013,2351969.75,1915236.16
2/3/2013,2743224.75,2293960.05
2/4/2013,3599084.22,2986552.92
2/5/2013,3829186.14,3181079.49
2/6/2013,2313071.08,1919077.04
2/7/2013,2839296.13,2338660.54
2/8/2013,2648161.4,2136088.4
2/9/2013,2957587.36,2354253.06
2/10/2013,3380985.73,2832001.18
2/11/2013,4189315.44,3426089.62
2/12/2013,3967295.55,3276616.25
2/13/2013,3156812.35,2628245.52
2/14/2013,3286622.13,2725794.93
2/15/2013,2860640.37,2293142.09
2/16/2013,3339909.75,2755975.45
2/17/2013,3433567.61,2907659.44
2/18/2013,4473211.04,3823113.82
2/19/2013,4318301.23,3421155.04
2/20/2013,3392471.04,2787089.48
2/21/2013,3412803.18,2676550.95
2/22/2013,3535377.38,2908690.59
2/23/2013,4286140.45,3439856.85
2/24/2013,5419232.89,4431878.1
2/25/2013,9128225.25,7430696.94
2/26/2013,6762535.71,5653323.87
2/27/2013,5716765.68,4880975.48
2/28/2013,4367566.41,3573846.75
3/1/2013,2693901.21,2256905.73
3/2/2013,279813.94,236576.31
3/3/2013,1959484.08,1505793.8
3/4/2013,1412869.43,1130489.5
3/5/2013,2440470.72,1954056.55
3/6/2013,3247761.18,2622451.1
3/7/2013,4017685.67,3191424.08
3/8/2013,3622255.55,2838056.23
3/9/2013,3263371.09,2560913.71
3/10/2013,3510986.19,2877727.07
3/11/2013,3242639.13,2568418.97
3/12/2013,3660190.99,2853606.73
3/13/2013,4335373.37,3463021.54
3/14/2013,6692797.3,5359353.2
3/15/2013,5330057.69,4206775.58
3/16/2013,3591734.21,2762570.88
3/17/2013,4401297.64,3565497.63
3/18/2013,4567013.37,3743618.37
3/19/2013,4645433.62,3929520.42
3/20/2013,4992105.19,4308112.41
3/21/2013,7355693.45,6496769.78
3/22/2013,6603332.26,6021167.98
3/23/2013,6009508.61,5393148.03
3/24/2013,5088153.2,4610104.28
3/25/2013,4694308.82,4169990.65
3/26/2013,5731432.22,5192620.7
3/27/2013,6872130.59,6081507.57
3/28/2013,8099154.93,7239463.63
3/29/2013,8381683.44,7644413.84
3/30/2013,11636994.38,10600188.31
3/31/2013,9455023.8,8513517.85
4/1/2013,10313848.23,9188774.52
4/2/2013,8250013.05,7374699.1
4/3/2013,8740749.51,7769943.74
4/4/2013,4270660.8,3779960.51
4/5/2013,3073716.42,2637291.44
4/6/2013,3663196.56,3221790.63
4/7/2013,2924734.26,2598895.09
4/8/2013,4670874.28,4351446.44
4/9/2013,4293257.18,3845242.09
4/10/2013,6011834.78,5327749.04
4/11/2013,4244755.76,3794688.65
4/12/2013,4282161.81,3850989.97
4/13/2013,5214391.75,4691901.42
4/14/2013,4506492.03,3873550.82
4/15/2013,5167610.5,4514315.72
4/16/2013,5887221.88,4755791.57
4/17/2013,8104639.53,6617328.78
4/18/2013,6536742.64,5253454.75
4/19/2013,5871312.85,4657092.08
4/20/2013,6012115.71,4722140.67
4/21/2013,6323547.99,5021941.78
4/22/2013,7292352.56,5866886.82
4/23/2013,8757473.08,6907927.03
4/24/2013,9358565.61,7286897.36
4/25/2013,9127283,7206948.14
4/26/2013,6156392.84,4860244.05
4/27/2013,6420235.09,5103697.51
4/28/2013,9099343.31,7234100.22
4/29/2013,13160942.22,10423989.71
4/30/2013,11190466.86,8842281.65
5/1/2013,13051232.31,10395426.51
5/2/2013,11179665.29,8989067.99
5/3/2013,8173550.12,6507576.59
5/4/2013,3225175.57,2586608.79
5/5/2013,3906711,3268319.42
5/6/2013,4311626.38,3384442.35
5/7/2013,3763332.37,3079887.85
5/8/2013,5458168.5,4267785.48
5/9/2013,5815611.07,4647084.74
5/10/2013,4248246.45,3392369.6
5/11/2013,4388803.6,3347274.34
5/12/2013,4298069.68,3423974.02
5/13/2013,4663488.62,3677688.54
5/14/2013,5622176.45,4515976.68
5/15/2013,6416011.44,5136196.06
5/16/2013,7727680.05,6101584.58
5/17/2013,6520355.77,5213542.1
5/18/2013,5126131.05,4165368.61
5/19/2013,5417543.03,4323889.4
5/20/2013,5837064.06,4872375.63
5/21/2013,5156527.79,4086850.49
5/22/2013,6977473.78,5617374.39
5/23/2013,9166919.02,7150676.62
5/24/2013,6670030.19,5242528.96
5/25/2013,5054594.94,3916382.21
5/26/2013,3649585.05,2889501.26
5/27/2013,4403026.04,3471897.02
5/28/2013,6274027.61,4977411.59
5/29/2013,7359639.59,5841803.19
5/30/2013,12828293.48,10036927.65
5/31/2013,13809349.18,11231361.14
6/1/2013,13162597.88,10314262.16
6/2/2013,12079925.72,9610953.04
6/3/2013,9411997.25,7525850.2
6/4/2013,5397308.75,4297393.33
6/5/2013,6860958.96,5505167.85
6/6/2013,5692902.11,4632206.37
6/7/2013,3843507.28,2986865.05
6/8/2013,3646959.35,2897196.14
6/9/2013,3880132.51,3070545.08
6/10/2013,4476887.83,3582347.82
6/11/2013,5003847.86,3903592.44
6/12/2013,7209020.15,5796177.46
6/13/2013,6845836.24,5559998.61
6/14/2013,4871516.57,3975403.65
6/15/2013,5166292.57,4029821.84
6/16/2013,5794009.15,4551326.63
6/17/2013,5795298.96,4637293.92
6/18/2013,6632615.61,5459331.17
6/19/2013,7437341.02,6031157.35
6/20/2013,7078652.68,5515676.8
6/21/2013,5526354.45,4396745.86
6/22/2013,5117274.96,4111300.17
6/23/2013,5844565.63,4855247.11
6/24/2013,5243774.5,4800223.91
6/25/2013,6728887.1,6142934.34
6/26/2013,8817278.13,8290194.65
6/27/2013,7748199.74,7462815.86
6/28/2013,6285354.21,6043485.1
6/29/2013,9546012.78,9167617.84
6/30/2013,7372318.59,7149429.97
7/1/2013,6359864.53,6248239.94
7/2/2013,7209130.33,6927420.38
7/3/2013,8038680.63,7869401.17
7/4/2013,2521315.44,2408274.98
7/5/2013,2494107.65,2432073.97
7/6/2013,2452372.43,2331799.51
7/7/2013,2958215.01,2950992.63
7/8/2013,2571901.18,2450996.77
7/9/2013,4624825.33,4592718.95
7/10/2013,3855254.64,3797797.81
7/11/2013,5785320.61,5626075.87
7/12/2013,6053300.71,5886949.95
7/13/2013,4161301.31,3995435.41
7/14/2013,4482102.22,4419156.67
7/15/2013,4387240.36,4219310.04
7/16/2013,4411030.39,4135243.61
7/17/2013,4475453.64,4375610.63
7/18/2013,6265533.39,6163756.55
7/19/2013,6310739.5,5960928.51
7/20/2013,4157746.85,3978173.28
7/21/2013,4847680.2,4301699.27
7/22/2013,5926190.4,5032346.99
7/23/2013,4436778.28,3552350.42
7/24/2013,7329505.1,5924978.27
7/25/2013,6342757.31,4978292.65
7/26/2013,6941436.71,5543496.22
7/27/2013,4353958.13,3499528.32
7/28/2013,6017516.42,4917333.26
7/29/2013,8158241.16,6599164.67
7/30/2013,7711378.77,7073525.07
7/31/2013,10104475.36,10851542.12
8/1/2013,10998208.4,12167214.07
8/2/2013,7422715.15,9601836.11
8/3/2013,5599602.67,7786528.35
8/4/2013,5021938.29,7089757.76
8/5/2013,2231563.34,3064145.21
8/6/2013,2493225.51,3592496.3
8/7/2013,2638845.23,3381813.66
8/8/2013,3065089,4223344.7
8/9/2013,2598855.08,3418548.13
8/10/2013,1776113.02,2320738.01
8/11/2013,2074476.53,2834815.33
8/12/2013,1933036.01,2566277.36
8/13/2013,2531884.21,3266499.42
8/14/2013,2791478.67,3740726.27
8/15/2013,3665019.45,4896607.22
8/16/2013,3619170.1,4661015.06
8/17/2013,3066137.96,4129676.85
8/18/2013,2385617.18,2947242.18
8/19/2013,2870843.18,3669528.41
8/20/2013,2730112.88,3528369
8/21/2013,2707776.73,3591906.04
8/22/2013,3821233.2,5275320.79
8/23/2013,3454696.96,4693020.59
8/24/2013,2837188.07,4087795.83
8/25/2013,3018860.44,3945685.24
8/26/2013,3465971.03,4845153.03
8/27/2013,3008572.56,3950990.04
8/28/2013,3749158.5,4845899.79
8/29/2013,6385124.62,8251851.88
8/30/2013,5499141.72,7247803.25
8/31/2013,6810100.27,8325085.12
9/1/2013,6018993.92,6937336.62
9/2/2013,5386759.65,5986639.99
9/3/2013,4126941.12,3701795.41
9/4/2013,5401049.96,4808183.3
9/5/2013,3168900.6,2729766.04
9/6/2013,2705040.33,2367475.06
9/7/2013,2468479.29,2187848.67
9/8/2013,3056823.21,2611808.27
9/9/2013,3771227.87,3399993.99
9/10/2013,5357130.97,4737093.81
9/11/2013,4636476.74,4075727.91
9/12/2013,3865949.23,3502787.78
9/13/2013,3034568.95,2783517.1
9/14/2013,3664631.38,3289032.18
9/15/2013,3078369.62,2753095.6
9/16/2013,3927167.34,3489729.16
9/17/2013,5410121.46,4728526.43
9/18/2013,4460453.69,3992756.75
9/19/2013,2995364.48,2599191.98
9/20/2013,3316913.08,3045593.87
9/21/2013,3799564.88,3399323.86
9/22/2013,3243304.2,2980813.06
9/23/2013,4426354.9,3977701.82
9/24/2013,4673257.46,4051335.39
9/25/2013,4851490.55,4336304.71
9/26/2013,4120039.5,3761711.17
9/27/2013,4676571.41,4202205.54
9/28/2013,7035889.97,6246182.51
9/29/2013,5087376.98,4359895.07
9/30/2013,5768935.23,5117966.77
10/1/2013,5389130.81,4591599.54
10/2/2013,5393969.29,4651419.05
10/3/2013,2026611.74,1672946.51
10/4/2013,2912944.43,2284930.64
10/5/2013,2463961.82,1952842.64
10/6/2013,2875234.12,2170808.86
10/7/2013,2084519.3,1674894.34
10/8/2013,2982770.86,2404722.52
10/9/2013,3524600.98,2822967.5
10/10/2013,4018321.34,3267316.51
10/11/2013,1938342.36,1556262.82
10/12/2013,3170838.37,2562812.71
10/13/2013,3719451.39,2946745.46
10/14/2013,3097590.81,2398025.79
10/15/2013,4062456.23,3281418.54
10/16/2013,4801027.51,3944302.72
10/17/2013,3348412.32,2713865.33
10/18/2013,3238854.55,2560313.88
10/19/2013,3376648.2,2769325.22
10/20/2013,2888479.98,2302148.44
10/21/2013,3409990.75,2751364.44
10/22/2013,3932052.89,3189287.97
10/23/2013,4895108.72,3861527.06
10/24/2013,4333852.18,3403031.49
10/25/2013,3503713.92,2743366.59
10/26/2013,2923604.47,2331573.03
10/27/2013,2949737.88,2365410.99
10/28/2013,3235799.73,2588267.2
10/29/2013,5981959.98,4833162.34
10/30/2013,6960811.52,5563340.73
10/31/2013,5649038.29,4525813.51
11/1/2013,4823330.61,3780905.84
11/2/2013,4871579.51,3874376.58
11/3/2013,2310551.56,1894570.42
11/4/2013,2638652.15,2128739.96
11/5/2013,3529966.51,2818098.89
11/6/2013,2440647.75,1890461.99
11/7/2013,2145217.46,1755584.37
11/8/2013,2200221.02,1790704.8
11/9/2013,2018930.67,1594615.53
11/10/2013,2722218.97,2099682.78
11/11/2013,3495969.18,2676318.51
11/12/2013,5162437.56,3979066.87
11/13/2013,4681263.25,3622930.35
11/14/2013,3118904.74,2460188.52
11/15/2013,3370811.62,2719077.99
11/16/2013,3365890.12,2733920.22
11/17/2013,2416530.15,1906202.04
11/18/2013,2109164.6,1778409.36
11/19/2013,3237660.32,2746026.34
11/20/2013,3321114.32,2983892.23
11/21/2013,2595234.4,2362389.95
11/22/2013,2550262.64,2542345.82
11/23/2013,2054330.57,2011741.48
11/24/2013,2519706.85,2537974.67
11/25/2013,2406331.38,2358037.25
11/26/2013,3107204.99,3083734.78
11/27/2013,3123410.59,3027393.58
11/28/2013,3580033.44,3514991.8
11/29/2013,1768057.43,1773822.57
11/30/2013,2685677.46,2672025.29
12/1/2013,2391698.09,2420438.06
12/2/2013,2263746.75,2226485.61
12/3/2013,1933337.47,1904782.57
12/4/2013,2924599.17,2877557.67
12/5/2013,2231578.75,2246889.53
12/6/2013,1718341.54,1744505.5
12/7/2013,1444180.43,1408359.66
12/8/2013,1714762.98,1677034.75
12/9/2013,1959405.6,1928205.78
12/10/2013,2256213.74,2198430.55
12/11/2013,3016597.65,3024225.14
12/12/2013,2988571.87,2946591.17
12/13/2013,2131538.29,2083673.81
12/14/2013,2245758.87,2305729.18
12/15/2013,2154695.59,2095032.07
12/16/2013,2694197.04,2720062.14
12/17/2013,3167410.81,3021649.06
12/18/2013,3189533.36,3219583.56
12/19/2013,3062553.19,2981811.67
12/20/2013,2500743.7,2516358.41
12/21/2013,3213344.27,3159953.94
12/22/2013,3476225.97,3458589.82
12/23/2013,2932660.62,2856672.71
12/24/2013,2629786.52,2542278.8
12/25/2013,3807864.44,3711704.9
12/26/2013,3278628.42,3269160.78
12/27/2013,1853472.36,1854636.14
12/28/2013,3547336.16,3487806.62
12/29/2013,6516622.75,6506519.56
12/30/2013,5792994.45,5695206.04
12/31/2013,6247467.59,6080338.22
1/1/2014,5743739.48,5563113.31
1/2/2014,3787850.5,3666330.68
1/3/2014,2354832.6,1871645.41
1/4/2014,2243604.06,1747621.88
1/5/2014,2361866.5,1851453.14
1/6/2014,2639202.87,2146455.69
1/7/2014,3437125.39,2809411.95
1/8/2014,2250519.73,1808614.16
1/9/2014,2214274.18,1884156.18
1/10/2014,1886360.71,1560748.05
1/11/2014,2550841.93,2031865.95
1/12/2014,2172729.29,1773388.32
1/13/2014,2467719.52,1991302.84
1/14/2014,3356963.59,2731972.75
1/15/2014,3637788.72,2842296.43
1/16/2014,2005770.41,1635446.76
1/17/2014,2464459.86,2002144.2
1/18/2014,1718246.3,1332157.65
1/19/2014,2453121.94,1918965.99
1/20/2014,3133739.97,2422846.03
1/21/2014,3590697.9,2848601.86
1/22/2014,3244854.06,2563525.38
1/23/2014,3187811.81,2528375.63
1/24/2014,1812010.8,1397879.36
1/25/2014,2221742.74,1777122.99
1/26/2014,2002533.83,1553846.68
1/27/2014,2983790.31,2360438.19
1/28/2014,5411096.61,4320849.3
1/29/2014,4892083.36,3928929.64
1/30/2014,3844256.32,3007196.76
1/31/2014,3732079.59,2938223.15
2/1/2014,3825094.63,3049434.19
2/2/2014,2382294.19,1885054.33
2/3/2014,2051412.93,1563684.31
2/4/2014,2787111.54,2197609.21
2/5/2014,2599325.56,2019260.92
2/6/2014,2415914.42,1966150.9
2/7/2014,3381887.13,2654650.93
2/8/2014,2907660.51,2328115.15
2/9/2014,2947940.87,2410207.36
2/10/2014,3705563.44,2772562.54
2/11/2014,4637151.61,3649526.8
2/12/2014,3457342.17,2728834.4
2/13/2014,3190217.92,2601375.48
2/14/2014,2632487,2058838.35
2/15/2014,2873057.42,2155414.19
2/16/2014,3990264.22,3220526.51
2/17/2014,3757742.25,3005221.34
2/18/2014,4902775.35,3900047.01
2/19/2014,4469573.84,3530912.16
2/20/2014,3050037.65,2452045.97
2/21/2014,3394380.68,2732646.22
2/22/2014,4262143.74,3402076.06
2/23/2014,3997442.72,3186343.91
2/24/2014,4743111.4,3834496.32
2/25/2014,6869199.08,5572490.58
2/26/2014,7766238.39,6157127.45
2/27/2014,5932389.78,4717814.02
2/28/2014,5511196.67,4511480.57
3/1/2014,4400079.49,3611872.46
3/2/2014,4943352.33,3968450
3/3/2014,3637156.46,2881941.03
3/4/2014,4742209.79,3846248.96
3/5/2014,5310211.41,4366670.54
3/6/2014,5506734.13,4454685.13
3/7/2014,3167820.98,2582186.62
3/8/2014,3577664.95,2914921.51
3/9/2014,3828277.38,3070464.44
3/10/2014,4725035.68,3759283.28
3/11/2014,5775004.59,4559934.88
3/12/2014,6930320.53,5534691.64
3/13/2014,5304893.97,4244468.26
3/14/2014,4544809.4,3647946.39
3/15/2014,4691387.16,3744464.98
3/16/2014,5553669.8,4426899.92
3/17/2014,6623777.28,5406586.76
3/18/2014,5707570.51,4657479.17
3/19/2014,7282983,6147005.74
3/20/2014,6459634.76,5394910.61
3/21/2014,4506741.28,3883392.78
3/22/2014,4682426.76,4390336.24
3/23/2014,5239607,4727286.58
3/24/2014,5516390.06,5135733.73
3/25/2014,6858764.17,6248964.6
3/26/2014,7966063.19,7366934
3/27/2014,8330175.47,7600114.49
3/28/2014,5747360.19,5214181.96
3/29/2014,6857129.34,6302802
3/30/2014,12784107.1,11757805.12
3/31/2014,12312523.89,11321960.71
4/1/2014,12163891.23,11150883.99
4/2/2014,13046471.25,11843249.22
4/3/2014,9642469.77,8683847.27
4/4/2014,3027057.03,2762337.1
4/5/2014,4578612.03,4277766.79
4/6/2014,4749333.13,4416528.48
4/7/2014,4614814.59,4275798.75
4/8/2014,6392830.04,5806623.81
4/9/2014,6139037.72,5584747.6
4/10/2014,5203589.72,4738923.88
4/11/2014,5105964.56,4552400.07
4/12/2014,5687376.75,5248378.46
4/13/2014,4945405.38,4494711.75
4/14/2014,6921493.59,6054527.76
4/15/2014,7871571.71,6776042.49
4/16/2014,7912857.96,6785359.76
4/17/2014,5557754.18,4737292.06
4/18/2014,5700339.67,4462371.41
4/19/2014,6624958.05,5350753.37
4/20/2014,6418388.34,5065177.85
4/21/2014,8414591.83,6893636.69
4/22/2014,10131097.46,8109722.27
4/23/2014,8191044.84,6573636.73
4/24/2014,6761050.63,5427294.9
4/25/2014,7297129.72,5878423.04
4/26/2014,7473782.26,5884034.36
4/27/2014,9019804.81,7060147.55
4/28/2014,11814441.72,9367036.91
4/29/2014,17347427.27,13752034.86
4/30/2014,13811054.06,10868835.13
5/1/2014,13289875.45,10604429.39
5/2/2014,9037359.63,7277515.81
5/3/2014,8214103.42,6577016.62
5/4/2014,2887053.22,2293661.95
5/5/2014,4251113.98,3397014.1
5/6/2014,5130961.6,4130431.51
5/7/2014,6175024,5012292.24
5/8/2014,6845994.59,5424944.1
5/9/2014,3896896.85,3172234.57
5/10/2014,5476367.67,4341371.17
5/11/2014,5960839.36,4817268.38
5/12/2014,6171798.51,4876269.62
5/13/2014,6357034.06,5124302.35
5/14/2014,8953168.22,7238881.78
5/15/2014,7521179.22,5970183.39
5/16/2014,7254155.54,5828882.18
5/17/2014,6473741.19,5173264.38
5/18/2014,7502869.16,6017924.93
5/19/2014,6717427.22,5373895.24
5/20/2014,6998009.98,5565704.32
5/21/2014,9232803.8,7257287.25
5/22/2014,8682669.79,6984588.89
5/23/2014,6481511.11,5117307.95
5/24/2014,5624884.34,4535522.53
5/25/2014,7834743.41,6254562.47
5/26/2014,7196331.6,5750840.38
5/27/2014,11197544.52,8926851.08
5/28/2014,14237002.33,11276884.86
5/29/2014,12708438.64,10157319.36
5/30/2014,13573669.01,10729950.95
5/31/2014,12424970.9,9985304.33
6/1/2014,11536710.05,9170211.02
6/2/2014,10120772.07,8076952.84
6/3/2014,7433951.35,5784897.37
6/4/2014,6422990.57,5214120.6
6/5/2014,4701261.04,3843536.1
6/6/2014,4455750.46,3475184.85
6/7/2014,5291724.53,4145797.41
6/8/2014,5672479.42,4555972.93
6/9/2014,5745736.68,4655455.78
6/10/2014,8176131.42,6751336.8
6/11/2014,6815089.25,5416132.65
6/12/2014,6198469.27,4930278.7
6/13/2014,5808360.57,4689299.84
6/14/2014,6159350.48,4887308.6
6/15/2014,6251988.62,5001362.67
6/16/2014,7506669.47,5993922.63
6/17/2014,7985873.38,6364228.97
6/18/2014,6928139.58,5573372.83
6/19/2014,5160401.64,4101123.87
6/20/2014,5726955.46,4649863.18
6/21/2014,5534870.9,4397465.45
6/22/2014,6871043.81,5449439.25
6/23/2014,7520898.79,6115811.37
6/24/2014,8318751.36,7165579.48
6/25/2014,7464560.81,6650267.82
6/26/2014,5465498.81,5160550.9
6/27/2014,6215342.27,5942103.5
6/28/2014,6715989.51,6489880.35
6/29/2014,10967240.25,10676762.03
6/30/2014,8960784.4,8779889.34
7/1/2014,9836345.7,9652958.13
7/2/2014,8037264.4,7829854.35
7/3/2014,6599126.14,6280312.35
7/4/2014,1539342.27,1546984.48
7/5/2014,2247607,2088267.2
7/6/2014,2992177.47,2950653.66
7/7/2014,3321041.63,3237780.91
7/8/2014,4389991.98,4344681.53
7/9/2014,5089459.45,5002533.36
7/10/2014,5277348.24,5193788.09
7/11/2014,3680744.54,3649066.92
7/12/2014,3635150.5,3488161.59
7/13/2014,4538183.38,4461396.49
7/14/2014,4180514.48,4093927.18
7/15/2014,4729914.86,4685468.3
7/16/2014,5725200.44,5688906.29
7/17/2014,5475110.93,5378778.65
7/18/2014,4518235.32,4447047.74
7/19/2014,4203668.56,3770693.84
7/20/2014,4322625.55,3600969.69
7/21/2014,4796649.21,3768111.9
7/22/2014,6208113.76,5011530.91
7/23/2014,7566031.17,5950276.5
7/24/2014,5905615.09,4674430.56
7/25/2014,4437108.92,3571085.86
7/26/2014,4875867.56,3838617.04
7/27/2014,4695097.96,3728682.43
7/28/2014,5659848.32,4577648.87
7/29/2014,8325936.32,6673852.31
7/30/2014,9849002.97,7950504.57
7/31/2014,12499623.55,10113088.37
8/1/2014,10268362.3,8266400.63
8/2/2014,9437585.35,7486465.1
8/3/2014,8311634.97,6613684.99
8/4/2014,7920532.02,6253439.86
8/5/2014,4783590.74,3865614.98
8/6/2014,5768372.14,4433911
8/7/2014,4368310.48,3451434.03
8/8/2014,2772020.29,2220747.24
8/9/2014,3001539.63,2354553.12
8/10/2014,3823485.27,3003127.77
8/11/2014,4332284.65,3523421.42
8/12/2014,4968367.41,3950793.43
8/13/2014,5893608.69,4708354.21
8/14/2014,5049141.59,3986642.15
8/15/2014,4964547.64,3886890.99
8/16/2014,4183136.08,3312917.75
8/17/2014,4553293.21,3569236.73
8/18/2014,3852897.93,3032853.62
8/19/2014,5491853.95,4329773.16
8/20/2014,6252896.94,5003338.92
8/21/2014,5420386.94,4272987.79
8/22/2014,3980335.94,3221586.25
8/23/2014,3604919.44,2824202.4
8/24/2014,3975022.95,3208598.81
8/25/2014,4982068.72,3931111.8
8/26/2014,5315751.01,4151656.84
8/27/2014,7880420.55,6267001.76
8/28/2014,13900846.53,11188888.43
8/29/2014,12683009.27,10136587.4
8/30/2014,11574198.37,9088009.4
8/31/2014,11951398.65,9415326.58
9/1/2014,10306541.25,8432677.93
9/2/2014,1980913.22,1699049.31
9/3/2014,2013419.84,1783705.47
9/4/2014,2079554.62,1858190.69
9/5/2014,3009749.32,2650108.54
9/6/2014,2651615.67,2379303.77
9/7/2014,3257294.39,2733813.81
9/8/2014,3789247.34,3234658.91
9/9/2014,3050893.58,2636295.62
9/10/2014,2734213.18,2344334.17
9/11/2014,3603376.76,3063452.95
9/12/2014,3387921.49,2941397.85
9/13/2014,4488375.88,3882301
9/14/2014,4664595.04,4241668.09
9/15/2014,3434401.74,2989155.15
9/16/2014,3499018.93,3094674.95
9/17/2014,2159581.94,1891350.86
9/18/2014,3245614.46,2827312.43
9/19/2014,3152106.06,2800614.8
9/20/2014,3934660.56,3508771.25
9/21/2014,4973677.98,4472971.42
9/22/2014,4691002.44,4096769.99
9/23/2014,3267077.04,2950868.62
9/24/2014,3651189.03,3193891.83
9/25/2014,3991936.34,3513164.66
9/26/2014,4802241.84,4364819.46
9/27/2014,5922266.1,5104748.73
9/28/2014,6894981.49,6104020.61
9/29/2014,6358369.55,5385912.36
9/30/2014,5625701.93,4992117.65
10/1/2014,4131059.59,3367707.8
10/2/2014,2166020.29,1638411.83
10/3/2014,2713373.58,2209685.83
10/4/2014,3061013.56,2383424.37
10/5/2014,3514973.01,2703049.67
10/6/2014,4584954.57,3714150
10/7/2014,3826571.36,3029706.85
10/8/2014,3298742.48,2595357.42
10/9/2014,2480246.09,1949299.28
10/10/2014,3324677.65,2616526.38
10/11/2014,3249272.4,2455378.82
10/12/2014,3964814.61,3263898.52
10/13/2014,5257692.13,4155288.51
10/14/2014,5353820.23,4242284.88
10/15/2014,3174858.73,2517101.9
10/16/2014,3035433.21,2343522.12
10/17/2014,3041887.24,2405340.07
10/18/2014,3295901.64,2641429.14
10/19/2014,3906454.96,3097527.04
10/20/2014,4406719.83,3563304.85
10/21/2014,4158469.93,3334418.16
10/22/2014,3185076.38,2622321.88
10/23/2014,3397945.31,2701811.9
10/24/2014,2910624.78,2393219.16
10/25/2014,3710088.5,3052761.25
10/26/2014,3332635.64,2620840.72
10/27/2014,5247620.14,4151809.58
10/28/2014,6122484.1,4933576.08
10/29/2014,6191276.35,4949513.22
10/30/2014,6250389.79,4894988.48
10/31/2014,4687679.79,3734196.88
11/1/2014,4474322.51,3463929.06
11/2/2014,3503909.61,2759213.27
11/3/2014,2511155.37,1925980.79
11/4/2014,1758772.81,1413005.18
11/5/2014,2080412.08,1649512.63
11/6/2014,2338580.92,1815525.82
11/7/2014,2391118.65,1914802.56
11/8/2014,2603594.99,2058134.47
11/9/2014,3896973.5,2948324.76
11/10/2014,3578790.21,2955883
11/11/2014,3265211.84,2544268.23
11/12/2014,2687977.35,2131053.41
11/13/2014,3661668.42,2973473.14
11/14/2014,4104922.66,3206387.48
11/15/2014,3332537.35,2666922.09
11/16/2014,3926705.12,3165100.53
11/17/2014,3901928.25,3135379.39
11/18/2014,2299920.21,1777742.22
11/19/2014,2365334.24,2037392.28
11/20/2014,2712056.74,2364468.06
11/21/2014,2642726.69,2469983.77
11/22/2014,2355839.63,2373102.5
11/23/2014,2702782.41,2732923.6
11/24/2014,2994851.12,2989623.83
11/25/2014,1951300.95,1961306.08
11/26/2014,3005133.94,3070985.43
11/27/2014,4582936.62,4552287.3
11/28/2014,3803816.23,3776489.22
11/29/2014,3693923.36,3714680.69
11/30/2014,4164373,4139199.1
12/1/2014,3293606.72,3371041.49
12/2/2014,1913468.28,1934027.84
12/3/2014,1725054.96,1639460.56
12/4/2014,1490172.71,1377244.92
12/5/2014,1855814.16,1814623.65
12/6/2014,2498471.96,2457252.11
12/7/2014,2209128.82,2214964
12/8/2014,3029845.63,2938276.72
12/9/2014,3265900.4,3069037.78
12/10/2014,2659858.85,2559688.79
12/11/2014,2499031.03,2479880.93
12/12/2014,2451281.84,2348048.7
12/13/2014,2618181.33,2655502.75
12/14/2014,2868448.18,2822169.24
12/15/2014,3675108.42,3622573.69
12/16/2014,3587166.39,3452397.12
12/17/2014,2950563.8,2911687.56
12/18/2014,2684991.91,2614938.98
12/19/2014,3424258.6,3465424.79
12/20/2014,3898670.99,3764085.99
12/21/2014,4372128.59,4286124.01
12/22/2014,3430574.36,3435107.36
12/23/2014,2791569.02,2665014.26
12/24/2014,2610156.84,2591612.44
12/25/2014,2573745.23,2584515.85
12/26/2014,2922497.3,2877653.62
12/27/2014,3575283.76,3538078.72
12/28/2014,8484445.21,8405135.96
12/29/2014,7063840.79,6908131.26
12/30/2014,5708142.92,5488862.89
12/31/2014,5625288.94,5528179.38
1/1/2015,4576460.18,4315048.16
1/2/2015,1625420.31,1281805.11
1/3/2015,1176312.94,876576.96
1/4/2015,2651400.23,2169221.09
1/5/2015,2457539.39,1930809
1/6/2015,1621284.62,1301383.65
1/7/2015,1981408.07,1560596.56
1/8/2015,1318438.15,1057739.56
1/9/2015,2144901.8,1679915.91
1/10/2015,1830727.22,1385986.39
1/11/2015,3254430.17,2604455.39
1/12/2015,2427966.79,1902989.93
1/13/2015,2138729.21,1742327.89
1/14/2015,2835456.9,2191456.13
1/15/2015,2047933.05,1631831.77
1/16/2015,2569213.44,2030636.7
1/17/2015,2588700.22,2035239.72
1/18/2015,3021302.7,2433685.6
1/19/2015,2851705.68,2258471.9
1/20/2015,2455411.13,1957537.38
1/21/2015,2603856.87,2019373.54
1/22/2015,2683523.21,2190572.01
1/23/2015,2703262.73,2149537.87
1/24/2015,4004609.82,3181968.24
1/25/2015,4665645.74,3747345.78
1/26/2015,4084367.08,3209020.3
1/27/2015,3116141.82,2455632.77
1/28/2015,4612174.41,3603868.33
1/29/2015,5300109.93,4295752.25
1/30/2015,4336302.07,3457573.62
1/31/2015,4195901.17,3269383.7
2/1/2015,4977201.37,4063980.38
2/2/2015,2901454.29,2325361.53
2/3/2015,1779457.49,1427675.21
2/4/2015,2496729.14,2129083.48
2/5/2015,2500351.24,2064567.04
2/6/2015,3457294.9,2699578.13
2/7/2015,3570886.94,2952636.69
2/8/2015,4197082.23,3455113.24
2/9/2015,4490187.64,3675813.84
2/10/2015,2813867.9,2247526.75
2/11/2015,3311241.3,2623112.64
2/12/2015,3468141.29,2797170.91
2/13/2015,4164849.99,3458801.88
2/14/2015,4312422.12,3541992.72
2/15/2015,4757224.49,3925128.98
2/16/2015,4817928.66,3988291.36
2/17/2015,4293160.67,3537248.79
2/18/2015,3209407.04,2685036.44
2/19/2015,3793775.02,3109300.19
2/20/2015,4760336.65,3942085.3
2/21/2015,4368539.08,3544819.23
2/22/2015,5784606.22,4804964.15
2/23/2015,7360399.98,5966271.62
2/24/2015,5473140.47,4450268.77
2/25/2015,8502202.85,7083827.01
2/26/2015,6528340.52,5386905.64
2/27/2015,4695415.58,3896449.69
2/28/2015,3896812.17,3287398.94
3/1/2015,4612623.19,3760240.57
3/2/2015,1204115.66,996728.16
3/3/2015,2971078.12,2450231.82
3/4/2015,3275231.73,2540097.74
3/5/2015,3623778.02,2818823.69
3/6/2015,4126698.63,3333077.32
3/7/2015,3652751.16,2946148.77
3/8/2015,3679065.16,2903799.07
3/9/2015,4520902.2,3610296.4
3/10/2015,5042080.93,3980962.03
3/11/2015,6098020.8,4928286.75
3/12/2015,4869770.72,3760439.95
3/13/2015,3474969.89,2712283.16
3/14/2015,4711284.42,3671123.8
3/15/2015,5040735.75,4008157.53
3/16/2015,5602879.7,4422966.9
3/17/2015,5692241.74,4623906.32
3/18/2015,6793794.72,5583548.33
3/19/2015,6012381.06,5053767.27
3/20/2015,4887915.96,4122124.89
3/21/2015,4566270.71,4002288.11
3/22/2015,5271032,4721422.49
3/23/2015,5172623.98,4663072.48
3/24/2015,6187718.83,5662250.07
3/25/2015,6763449.95,6062883.43
3/26/2015,6983791.47,6190732.25
3/27/2015,5007891.27,4516109.24
3/28/2015,5941997.22,5296480.62
3/29/2015,6087900.7,5431213.47
3/30/2015,14251354.04,12890205.46
3/31/2015,14813965.34,13306811.36
4/1/2015,13697879.88,12323133.99
4/2/2015,11638587.41,10494545.99
4/3/2015,10239965.04,9205352.56
4/4/2015,4214414.51,3835706.41
4/5/2015,4549233.48,4060392.25
4/6/2015,5947351.85,5501604.96
4/7/2015,6969771.13,6115686.29
4/8/2015,6923568.08,6092200.11
4/9/2015,5334934.77,4630574.68
4/10/2015,5286341.9,4755107.84
4/11/2015,7223512.23,6692976.84
4/12/2015,6941143.47,6173613.48
4/13/2015,8008850.6,7198672.06
4/14/2015,9764966.49,8525033.47
4/15/2015,8464241.45,7283839.1
4/16/2015,6025485.77,5033699.98
4/17/2015,6481493.13,5294636.04
4/18/2015,7432727.07,5745887.3
4/19/2015,6854069.17,5371424.19
4/20/2015,8942873.22,6952833.82
4/21/2015,11246554.8,8986101.87
4/22/2015,9099886.14,7216624.95
4/23/2015,7548994.85,5939101.06
4/24/2015,6578500.68,5143109.11
4/25/2015,9981817.81,7741342.2
4/26/2015,8486257.42,6790371.72
4/27/2015,11233528.64,8990933.6
4/28/2015,14371525.01,11368208.46
4/29/2015,15294818.22,12456433.34
4/30/2015,14911130.64,11744026.43
5/1/2015,11462217.29,9026019.09
5/2/2015,8951414.69,7003240.14
5/3/2015,7902349.85,6325430.88
5/4/2015,4063632.19,3220456.05
5/5/2015,4993358.48,3895803.59
5/6/2015,5912157.02,4721080.32
5/7/2015,6417545.13,5062352.65
5/8/2015,4654167.53,3561342.38
5/9/2015,4178643.57,3269969.19
5/10/2015,5135747.06,3949880.44
5/11/2015,6740124.2,5364204.35
5/12/2015,6877097.83,5464941.46
5/13/2015,8472230.27,6752088.25
5/14/2015,8373161.73,6566657.69
5/15/2015,6454103,5103049.75
5/16/2015,6409003.84,5140481.43
5/17/2015,6593507.34,5168476.45
5/18/2015,7049312.68,5707463.8
5/19/2015,8167385.27,6584434.28
5/20/2015,10886447.11,8610088.68
5/21/2015,9585349.34,7629673.54
5/22/2015,6849849.55,5526949.11
5/23/2015,5769728.11,4699867.99
5/24/2015,7759286.87,6115304.75
5/25/2015,6648911.62,5479719.27
5/26/2015,7250067.07,5753775.74
5/27/2015,11264269.11,8911794.91
5/28/2015,10886440.76,8702126.28
5/29/2015,7443400.33,6010039.49
5/30/2015,14386454.27,11671007.33
5/31/2015,12847323.1,10142347.13
6/1/2015,12707400.56,9938849.85
6/2/2015,10370270.22,8221123.6
6/3/2015,12915899.82,10182209.97
6/4/2015,4389371.3,3612066.24
6/5/2015,4689415.18,3666593.72
6/6/2015,4504545.31,3683127.75
6/7/2015,4737477.49,3636812.14
6/8/2015,5997977.12,4767036.54
6/9/2015,7149148.38,5741574.05
6/10/2015,7033422.25,5437275.2
6/11/2015,5174085.58,4188520.67
6/12/2015,6351066.12,4900508.38
6/13/2015,5087923.97,3913528.15
6/14/2015,7257781.25,5645520.63
6/15/2015,7185781.7,5677039.63
6/16/2015,7904688.49,6283325.81
6/17/2015,8476249,6775868.17
6/18/2015,6561476.72,5174441.56
6/19/2015,5300940.37,4147889.8
6/20/2015,5709630.01,4391167.7
6/21/2015,5755437.59,4546815.45
6/22/2015,8091120.75,6486078.97
6/23/2015,8014615.36,6549729.21
6/24/2015,8106694.48,6848465.28
6/25/2015,6395417.81,5471074.95
6/26/2015,5791488.27,5164656.66
6/27/2015,5907901.77,5761761.16
6/28/2015,7048110.81,6755443.51
6/29/2015,10266326.47,10003747.48
6/30/2015,10954727.42,10628217.87
7/1/2015,9503954.04,9190648.76
7/2/2015,8552727.69,8154787.16
7/3/2015,6047919.06,5867150.51
7/4/2015,1184319.43,1068025.58
7/5/2015,2966146.59,2810871.75
7/6/2015,2490899.57,2437063.72
7/7/2015,4185006.32,3947428.34
7/8/2015,4333446.86,4256271.94
7/9/2015,6011409.46,5756814.71
7/10/2015,3936544.23,3750891.91
7/11/2015,3965266.87,3859812.43
7/12/2015,4444033.83,4308843.11
7/13/2015,4008119.02,3879117.89
7/14/2015,4541662.42,4427340.58
7/15/2015,6195528.74,5945270.24
7/16/2015,5351713.45,5204783.4
7/17/2015,3953465.4,3879500.64
7/18/2015,4352743.94,4230281.82
7/19/2015,4734057.3,4244345.55
7/20/2015,4593431.52,3967198.09
7/21/2015,6205610.6,5212906.4
7/22/2015,7003315.42,5699625.87
7/23/2015,6241579.84,5041557
7/24/2015,4815209.73,3864863.25
7/25/2015,4869837.46,3980424.09
7/26/2015,5323996.74,4436550.96
7/27/2015,5603376.79,4431670.86
7/28/2015,6826651.55,5538901.92
7/29/2015,9470985.24,7602775.68
7/30/2015,10296776.67,9762134.91
7/31/2015,8227312.7,8001039.19
8/1/2015,7969399.16,8307674.69
8/2/2015,5808782.79,6999844.19
8/3/2015,4720575.96,6451104.36
8/4/2015,2658117.34,3894709.67
8/5/2015,2978173.12,4001425.35
8/6/2015,2558707.18,3656184.22
8/7/2015,1981109.04,2648627.83
8/8/2015,1709563.14,2428463.02
8/9/2015,2122689.02,2864218.57
8/10/2015,2341717.61,3233525.06
8/11/2015,2434219.28,3451194.49
8/12/2015,3555473.95,4878289.67
8/13/2015,2921138.79,3979730.24
8/14/2015,2842163.51,3979723.24
8/15/2015,2655077.08,3723026.61
8/16/2015,2851597.29,3843042.72
8/17/2015,2804909.03,3580539.39
8/18/2015,3797369.86,5081331.41
8/19/2015,3996506.07,5388360.8
8/20/2015,3542649.14,4967122.51
8/21/2015,2826694.43,4029608.29
8/22/2015,2330134.4,3196044.6
8/23/2015,2980880.01,4035327.45
8/24/2015,2905862.72,4140352.34
8/25/2015,3470416.25,4713031.14
8/26/2015,4027164.09,5549423.27
8/27/2015,3564052.29,4867784.09
8/28/2015,8506950.72,11044258.41
8/29/2015,7794439.44,10361751.16
8/30/2015,7344062.69,9260104.74
8/31/2015,7854391.23,10070785.58
9/1/2015,6760812.85,8154672.78
9/2/2015,2200298.26,2129220.78
9/3/2015,2827263.54,2604249.38
9/4/2015,3174821.93,2868467.84
9/5/2015,4060108.04,3677521.7
9/6/2015,5806076.99,5165364.57
9/7/2015,5427754.58,4736445.82
9/8/2015,4280040.71,3769505.38
9/9/2015,3647303.9,3266493.41
9/10/2015,3721441.58,3354394.08
9/11/2015,5440903.55,4839456.19
9/12/2015,4950740.04,4404176.85
9/13/2015,6063850.75,5333297.85
9/14/2015,5951627.11,5241870.86
9/15/2015,4289955.17,3759560.12
9/16/2015,4578098.38,4047593.29
9/17/2015,4322042.75,3890293.3
9/18/2015,4626830.39,4125549.97
9/19/2015,4866373.41,4338177.32
9/20/2015,5970375.19,5199616.34
9/21/2015,5429549.96,4922952.43
9/22/2015,3989413.65,3510644.34
9/23/2015,4492195.74,4136948.97
9/24/2015,4990183.49,4532817.65
9/25/2015,5455949.84,4738294.51
9/26/2015,6622087.86,5772363.74
9/27/2015,9527329.68,8445286.43
9/28/2015,8161672.8,7449690.47
9/29/2015,7149980.42,6330231
9/30/2015,6245594.21,5509034.08
10/1/2015,5328206.77,4579676.64
10/2/2015,2171539.56,1796561.55
10/3/2015,4071748.88,3247591.03
10/4/2015,3492367.73,2871726.8
10/5/2015,4507541.9,3678096.41
10/6/2015,4188998.54,3415837.46
10/7/2015,3426493.43,2803278.62
10/8/2015,3233949.18,2641121.98
10/9/2015,3267999.74,2663149.73
10/10/2015,3378102.79,2705337.11
10/11/2015,3286486.34,2566855.85
10/12/2015,4956524.37,4081540.58
10/13/2015,5498991.17,4432958.2
10/14/2015,3411355.27,2666618.8
10/15/2015,3768908.71,2948986.13
10/16/2015,3821540.36,2987369.39
10/17/2015,3662021.88,2894880.7
10/18/2015,4235369.07,3332133.13
10/19/2015,6150586.07,4953145.42
10/20/2015,5151254.9,4073078.24
10/21/2015,3861128.76,3112793.66
10/22/2015,3503062.58,2822517.81
10/23/2015,4220053.16,3535441.18
10/24/2015,3836294.44,2963519.26
10/25/2015,4371735.18,3592252.8
10/26/2015,5670407.54,4548016.77
10/27/2015,5227347.01,4220293.85
10/28/2015,7029977.95,5631491.38
10/29/2015,7420192.54,6015934.85
10/30/2015,7246849.63,5898873.81
10/31/2015,5833943.99,4766615.28
11/1/2015,5794071.48,4691433.96
11/2/2015,2770297.66,2300656.83
11/3/2015,2095237.3,1642341.12
11/4/2015,2658412.16,2230527.42
11/5/2015,2550367.78,2095931.27
11/6/2015,3113759.4,2524846.93
11/7/2015,2523233.52,2111797.74
11/8/2015,4183206.42,3467217.26
11/9/2015,3409517.01,2730600.71
11/10/2015,3237404.66,2600539.96
11/11/2015,2928494.89,2445001.94
11/12/2015,3900732.76,3072175.13
11/13/2015,3144926.75,2547598.28
11/14/2015,4369752.69,3445998.98
11/15/2015,4297274.47,3488973.66
11/16/2015,4316238.63,3541079.15
11/17/2015,3035948.85,2418023.08
11/18/2015,3208924.12,2787131.03
11/19/2015,2934934.24,2722267.8
11/20/2015,3389498.76,3170548.9
11/21/2015,2291920.41,2320486.62
11/22/2015,3070301.17,3152837.2
11/23/2015,2329823.55,2370762.85
11/24/2015,1994420.05,2017128.44
11/25/2015,1994246.64,2069297.94
11/26/2015,3361942.92,3392781.25
11/27/2015,5242225.8,5137790.23
11/28/2015,5114979.4,5281806.7
11/29/2015,5018236.03,4955536.7
11/30/2015,4031497.64,4065929.95
12/1/2015,3221463.05,3262618.05
12/2/2015,953639.35,978207.15
12/3/2015,1852279.15,1907081.99
12/4/2015,2076429.7,2095572.96
12/5/2015,2287846.3,2292826.58
12/6/2015,2028034.94,2013778.51
12/7/2015,2286683.02,2364273.69
12/8/2015,2785090.6,2715044.46
12/9/2015,1648123.41,1664248.89
12/10/2015,2450848.03,2579079.6
12/11/2015,2027594.98,1955884.16
12/12/2015,2888573.7,2824587.14
12/13/2015,3442735.4,3382073.59
12/14/2015,3272227.86,3176504.37
12/15/2015,3089177.63,3106617.67
12/16/2015,2310884.14,2367574.49
12/17/2015,2671287.02,2646046.82
12/18/2015,2923802.97,2954646.8
12/19/2015,2965218.72,3081409.43
12/20/2015,3613917.61,3711607.1
12/21/2015,5050481.76,5131271.18
12/22/2015,3719442.83,3727031.54
12/23/2015,3656481.63,3646146.76
12/24/2015,2398336.72,2262884.17
12/25/2015,3229207.58,3048061.85
12/26/2015,3645783.09,3633106.61
12/27/2015,5096354.17,5095420.51
12/28/2015,8179976.67,8163764.62
12/29/2015,7760149.23,7689336.24
12/30/2015,5941753.52,5888436.34
12/31/2015,6375571.66,6217888.06
1/1/2016,5846204.33,5354701.23
1/2/2016,2558616.91,2072521.54
1/3/2016,2744446.82,2169775.39
1/4/2016,2387838,1861702.6
1/5/2016,1557710.07,1249444.02
1/6/2016,2337143.16,1917221.35
1/7/2016,2503287.51,2024858.69
1/8/2016,2738103.45,2202044.96
1/9/2016,3026961.32,2446095.09
1/10/2016,4122392.05,3201417.67
1/11/2016,3434076.67,2780091.13
1/12/2016,2627637.47,2110300.27
1/13/2016,2268324.18,1914275.35
1/14/2016,3247398.41,2705497.94
1/15/2016,3532606.36,3003599.85
1/16/2016,3856871.3,3138016.53
1/17/2016,4229318.34,3477169.21
1/18/2016,4105149.52,3409714.29
1/19/2016,2818234.03,2313238.83
1/20/2016,2842888.66,2294689.37
1/21/2016,3981191.66,3293021.93
1/22/2016,3322730.4,2667153.86
1/23/2016,3998813.29,3324513.23
1/24/2016,4734624.57,3904936.72
1/25/2016,5007306.32,4047871.63
1/26/2016,3544741.3,2876880.62
1/27/2016,4728554.45,3994526.08
1/28/2016,6717660.92,5529962.06
1/29/2016,5013253.01,4078543.96
1/30/2016,6920879.78,5546795.93
1/31/2016,6449751.32,5251383.47
2/1/2016,5200767.32,4131331.82
2/2/2016,2966994.87,2413250.92
2/3/2016,2273911.2,1841992.31
2/4/2016,2819439.59,2305544.16
2/5/2016,3680939.41,2987435.62
2/6/2016,4735761.79,3973322.09
2/7/2016,4032333.88,3144310.26
2/8/2016,3848593.44,3120549.68
2/9/2016,3979641.11,3286349.1
2/10/2016,3448601.24,2764263.83
2/11/2016,3717348.88,3000678.76
2/12/2016,4035900.93,3269439.67
2/13/2016,4701818.64,3727060.93
2/14/2016,4925684.12,4030980.54
2/15/2016,4588032.77,3702428.02
2/16/2016,3941056.12,3209642.29
2/17/2016,2962078.99,2374063.71
2/18/2016,4009498.5,3301336.9
2/19/2016,4571419.08,3665043.13
2/20/2016,5176883.79,4193086.14
2/21/2016,4758472.96,3843027.26
2/22/2016,4721935.01,3825599.58
2/23/2016,4550216.22,3722357.32
2/24/2016,5790273.07,4665515.38
2/25/2016,7677182.49,6237906.21
2/26/2016,7096236.89,5762106.77
2/27/2016,6837275.28,5301081.64
2/28/2016,5117740.12,4142676.19
2/29/2016,3529083.59,2843903.05
3/1/2016,709982.79,623398.17
3/2/2016,1479744,1243049.71
3/3/2016,2251060.05,1853979.92
3/4/2016,2778579.79,2305820.78
3/5/2016,3472294.22,2819038.04
3/6/2016,3501407.51,2754054.05
3/7/2016,4275566.76,3544887.63
3/8/2016,4693887.34,3819333.06
3/9/2016,5050829.68,4101613.27
3/10/2016,7374516.48,5983967.59
3/11/2016,6281759.31,5065973.55
3/12/2016,4673863.75,3853834.05
3/13/2016,4655322.31,3707033.48
3/14/2016,5214530.57,4150309.08
3/15/2016,5319085.92,4384259.36
3/16/2016,6412758.35,5219744.05
3/17/2016,8569336.81,6809198.69
3/18/2016,6917674.02,5792586.92
3/19/2016,5852909.53,4990341.15
3/20/2016,4759469.17,3951071.76
3/21/2016,5534732.74,4759221.87
3/22/2016,5449314.63,4970365.56
3/23/2016,6046593.49,5532819.27
3/24/2016,7933448.72,7157854.93
3/25/2016,7008643.3,6273523.88
3/26/2016,5197781.65,4790136.82
3/27/2016,6141114.6,5639995.87
3/28/2016,5291170.65,4853169.6
3/29/2016,7521778.94,6878616.36
3/30/2016,14545392.64,13412468.3
3/31/2016,14231299.73,12932629.87
4/1/2016,12298083.49,11254792.81
4/2/2016,13123488.4,12292938.79
4/3/2016,10576481.39,9627706.26
4/4/2016,4230255.21,3886345.44
4/5/2016,4598444.87,4315060.71
4/6/2016,5873076.02,5465466.98
4/7/2016,5504606.21,5121344.12
4/8/2016,4323869.8,3902265.35
4/9/2016,4537873.44,4208365.26
4/10/2016,4898415.28,4517178.31
4/11/2016,6193751.24,5553289.41
4/12/2016,5962850.28,5477134.6
4/13/2016,8636899.06,7772805.93
4/14/2016,7184576.35,6220003.38
4/15/2016,5910167.4,5244820.29
4/16/2016,7075518.69,5997253.75
4/17/2016,9065525.85,7747445.67
4/18/2016,7930420.94,6496267.7
4/19/2016,9299472.01,7665794.67
4/20/2016,11470503.55,9220652.39
4/21/2016,9681621.65,7780628.47
4/22/2016,6442191.99,5276646.93
4/23/2016,8225755.2,6488166.41
4/24/2016,8005992.5,6468446.01
4/25/2016,11068078.01,8923524.58
4/26/2016,11387120.36,9133066.32
4/27/2016,16379722.53,13128158.81
4/28/2016,17388183.19,13978683.94
4/29/2016,16966030.5,13610990.42
4/30/2016,12874790.56,10476104.29
5/1/2016,11553720.73,9387796.08
5/2/2016,8891959.72,7094979.67
5/3/2016,6609488.85,5263847.33
5/4/2016,6041365.35,4874007.55
5/5/2016,6026491.95,4682705.07
5/6/2016,5884185.84,4692160.58
5/7/2016,5016235.82,3962154.52
5/8/2016,4730903.12,3759762.75
5/9/2016,7307039.01,5990848.79
5/10/2016,6636687.87,5216849.07
5/11/2016,8452886.26,6878143.05
5/12/2016,10736290.28,8789857.02
5/13/2016,9817523.43,7817935.3
5/14/2016,7446413.22,6064015.7
5/15/2016,6413929.56,4998345.42
5/16/2016,7701732.93,5993216.92
5/17/2016,8631034.09,6848845.3
5/18/2016,8416389.92,6811181.17
5/19/2016,11212790.37,9063577.59
5/20/2016,10058131.11,8217262.68
5/21/2016,7447083.47,5895652.1
5/22/2016,7687940.04,6156525.22
5/23/2016,8645211.05,7045764.67
5/24/2016,8183351.87,6580079.91
5/25/2016,9916196.12,7860116.29
5/26/2016,12748857.56,10440320.85
5/27/2016,10645860.16,8560911.95
5/28/2016,7818417.53,6306590.85
5/29/2016,6277386.71,4980964.03
5/30/2016,15902645.06,12868500.26
5/31/2016,15273734.62,12146387.51
6/1/2016,15027967.48,12020718.26
6/2/2016,15450407.81,12454831.83
6/3/2016,14905219.23,12099283.96
6/4/2016,3543917.94,2852864.04
6/5/2016,5281645.29,4151357.66
6/6/2016,5164395.26,4100125.08
6/7/2016,6484605.21,5302528.24
6/8/2016,8622987,7158408.04
6/9/2016,6719422.7,5484927.09
6/10/2016,5856690.47,4774033.93
6/11/2016,5949391.29,4761365.56
6/12/2016,6087764.33,4901187.37
6/13/2016,6889883.95,5491827.46
6/14/2016,9141001.7,7338757.88
6/15/2016,9864183.86,7853426.55
6/16/2016,10058421.18,8220535.81
6/17/2016,5423957.08,4250810.07
6/18/2016,7882351.1,6322388.46
6/19/2016,7908073.31,6297385.32
6/20/2016,7266335.58,5841977.09
6/21/2016,8500049.69,6752198.15
6/22/2016,10283795.21,8167871.69
6/23/2016,9872888.2,7950198.34
6/24/2016,7881916.83,6508523.99
6/25/2016,6886227.09,6096912.54
6/26/2016,6698524.32,6144242.3
6/27/2016,6871506.56,6833479.69
6/28/2016,8247984.99,8163713.72
6/29/2016,13343751.12,13303063.47
6/30/2016,11824115.33,11686500.64
7/1/2016,10173764.85,10138330.52
7/2/2016,8800553.93,8597989.65
7/3/2016,6426683.62,6344095.57
7/4/2016,1386571.93,1325944.63
7/5/2016,2748779.52,2677876.06
7/6/2016,2703265.31,2729115.94
7/7/2016,4517288.27,4518370.11
7/8/2016,3773827.56,3763622.72
7/9/2016,4051086.89,3956559.68
7/10/2016,4008532.54,3789183.06
7/11/2016,4094198.38,3954521.72
7/12/2016,4373623.08,4271906.38
7/13/2016,3978100.94,3903887.84
7/14/2016,5834657.65,5776926.66
7/15/2016,5538171.41,5410397.02
7/16/2016,4146739.21,3932641.54
7/17/2016,4362617.65,4257377.15
7/18/2016,4037086.77,4032049.3
7/19/2016,4972014.76,4468539.05
7/20/2016,5743038.13,4989427.8
7/21/2016,6234589.1,5454135.01
7/22/2016,6429688.49,5405412.2
7/23/2016,5794840.19,4693760.16
7/24/2016,4992598.4,3988427.93
7/25/2016,6602810.86,5210533.01
7/26/2016,7851989.46,6298482.2
7/27/2016,7880563.86,6294203.51
7/28/2016,10561338.25,8364736.75
7/29/2016,9786083.49,8009568.05
7/30/2016,6346290.87,5035247.55
7/31/2016,11015269.56,8901256.98
8/1/2016,10793582.2,8684114.27
8/2/2016,9744357.22,7715286.95
8/3/2016,9904285.99,7903743.51
8/4/2016,9495153.07,7445312.45
8/5/2016,5608281.75,4405172.77
8/6/2016,3417126.9,2778007.61
8/7/2016,4427581.45,3417549.23
8/8/2016,4350104.4,3457274.61
8/9/2016,5367433.58,4307308.14
8/10/2016,6219835.93,4989664.4
8/11/2016,6515630.05,5260377.53
8/12/2016,6119372.31,4890673.79
8/13/2016,4911652.24,4032826.41
8/14/2016,4133214.74,3276890.85
8/15/2016,5605211.59,4497185.08
8/16/2016,5622571.31,4439845.57
8/17/2016,5481191.48,4224740.02
8/18/2016,9528740.46,7920089.68
8/19/2016,6546299.57,5278113.04
8/20/2016,5781551.94,4564247.81
8/21/2016,6521389.47,5328696.02
8/22/2016,5219998.72,4287522.68
8/23/2016,4815121.42,3868404.84
8/24/2016,6292751.73,5100249.41
8/25/2016,8794928.73,6977759.11
8/26/2016,5680360.34,4488665.83
8/27/2016,4561647.77,3662367.33
8/28/2016,15158669.18,12249721.23
8/29/2016,14043471.1,11328872.12
8/30/2016,13812380.3,11037531.68
8/31/2016,12534594.92,10091516.93
9/1/2016,12403544.62,10116739.78
9/2/2016,2363186.38,2197302.32
9/3/2016,2854708.14,2576390.08
9/4/2016,2911393.7,2610346.46
9/5/2016,4157930.98,3683805.93
9/6/2016,4457820.99,4021959.96
9/7/2016,2727504.52,2482230.36
9/8/2016,2950156.73,2710099.28
9/9/2016,4080455.52,3550531.35
9/10/2016,3383667.97,3081087.79
9/11/2016,4791697.67,4209772.35
9/12/2016,5675073.45,5130706.55
9/13/2016,5639925.61,5076124.78
9/14/2016,4385149.48,3911967.05
9/15/2016,3714513.35,3311188.02
9/16/2016,4018602.31,3556568.41
9/17/2016,4431680.09,3843688.85
9/18/2016,4942620.63,4382989.7
9/19/2016,5350877.2,4783146.79
9/20/2016,4950112.24,4381290.5
9/21/2016,4415854.52,4042078.78
9/22/2016,3570383.96,3326231.28
9/23/2016,4188287.62,3857859.5
9/24/2016,3669054.98,3149906.57
9/25/2016,5830714.93,5221915.5
9/26/2016,6888617.97,6121949.95
9/27/2016,8489123.16,7795904.94
9/28/2016,7567886.85,6824968.63
9/29/2016,5432931.71,4892504.82
9/30/2016,4909635.76,4205412.15
10/1/2016,4366699.03,3701260.21
10/2/2016,2596796.4,1974164.43
10/3/2016,2548741.44,2097911.33
10/4/2016,3461082.31,2850191.25
10/5/2016,3424882.78,2746226.47
10/6/2016,2895028.23,2454432.63
10/7/2016,3222934.99,2477341.55
10/8/2016,3101070.27,2574361.13
10/9/2016,3313712.48,2583489.11
10/10/2016,4264616.83,3371581.16
10/11/2016,4422185.53,3581266.99
10/12/2016,4541598.24,3524730.02
10/13/2016,3317032.06,2649214.4
10/14/2016,3511630.87,2718591.77
10/15/2016,3943248.97,3043533.56
10/16/2016,4376304.87,3413503.15
10/17/2016,3037287.93,2453991.87
10/18/2016,4508859.09,3657069.31
10/19/2016,4228189.57,3396000.86
10/20/2016,2846518.01,2260628.69
10/21/2016,3272036.28,2634207.2
10/22/2016,3948044.16,3231763.1
10/23/2016,3383059.2,2666084.61
10/24/2016,4380387.44,3526727.23
10/25/2016,4299274.8,3249930.02
10/26/2016,4706906.11,3751859.51
10/27/2016,4202633.76,3430770.86
10/28/2016,7095459.64,5821255.79
10/29/2016,7748034.04,6291672.94
10/30/2016,6231866.09,5021019.4
10/31/2016,6154479.92,4923620.6
11/1/2016,7719179.86,6108632.49
11/2/2016,2019573.39,1671538.84
11/3/2016,2167731.38,1630172.24
11/4/2016,2921457.72,2325634.63
11/5/2016,3331729.51,2510325.05
11/6/2016,3177194.93,2614531.12
11/7/2016,4013690.76,3164694.75
11/8/2016,2902668.64,2275142.13
11/9/2016,3088936.2,2415653.4
11/10/2016,3524443.54,2787453.25
11/11/2016,3242466.89,2622416.39
11/12/2016,4067309.35,3215859.82
11/13/2016,4108240.53,3298120.47
11/14/2016,5384564.17,4287246.16
11/15/2016,4067351.79,3266049.08
11/16/2016,2666254.64,2184170.77
11/17/2016,3253737.52,2657687.82
11/18/2016,2750384.49,2341586.51
11/19/2016,3049656.36,2797715.85
11/20/2016,2422645.76,2208447.77
11/21/2016,2849528.18,2622825.33
11/22/2016,2953802.19,3010640.25
11/23/2016,1781135.32,1682846.05
11/24/2016,1693041.1,1727778.84
11/25/2016,3314537.94,3343367.28
11/26/2016,3392192.14,3360164.37
11/27/2016,5299633.2,5281944.59
11/28/2016,5196318.58,5131257.93
11/29/2016,4921786.18,4962698.8
11/30/2016,3832887.02,3897608.89
12/1/2016,2358573.02,2341309.79
12/2/2016,907573.74,925477.21
12/3/2016,1333890.05,1218185.92
12/4/2016,2237557.76,2224630.3
12/5/2016,1925286.27,1939563.58
12/6/2016,2605334.49,2510982.32
12/7/2016,2299467.49,2274139.79
12/8/2016,2075549.34,2136761.21
12/9/2016,2553283.93,2600587.96
12/10/2016,2913080.54,2889190.43
12/11/2016,2853330.5,2812545.24
12/12/2016,3248145.42,3217430
12/13/2016,3823629.31,3830277.56
12/14/2016,2792734.55,2831410.87
12/15/2016,2707101.38,2742933.88
12/16/2016,2646651.72,2651717.38
12/17/2016,3238132.58,3280502.46
12/18/2016,3271429.4,3285398.32
12/19/2016,4135316.35,4095588.8
12/20/2016,4293749.29,4224108.67
12/21/2016,4279775.59,4100591.43
12/22/2016,3117384.48,3057416.11
12/23/2016,2500798.47,2509747.01
12/24/2016,2034069.49,2007308.18
12/25/2016,3488378.94,3406046.44
12/26/2016,3839559.68,3806837.33
12/27/2016,5844260.6,5750792.35
12/28/2016,7554359.22,7421332.69
12/29/2016,7928143.58,7951767.41
12/30/2016,5840732.73,5741938.39
12/31/2016,4969730.15,4920694.41
1/1/2017,3998895.08,3583814.01
1/2/2017,1748553.87,1374452.07
1/3/2017,1891837.91,1573537.28
1/4/2017,847466.28,682698.81
1/5/2017,1464435.52,1145400.53
1/6/2017,2311449.24,1842665.52
1/7/2017,2148635.45,1767280.58
1/8/2017,2907768.3,2272946.44
1/9/2017,3437216.12,2814472.11
1/10/2017,3014515.71,2440786.22
1/11/2017,2227157.79,1674420.56
1/12/2017,2704158.21,2101198.8
1/13/2017,3136819.59,2599219.64
1/14/2017,2056300.58,1704845.73
1/15/2017,2415343.55,1994964.86
1/16/2017,3848368.92,3102404.56
1/17/2017,2829843.68,2229864.7
1/18/2017,2138817.82,1652537.47
1/19/2017,2663777.41,2187863.56
1/20/2017,2871845.05,2318588.01
1/21/2017,2790303.1,2232164.85
1/22/2017,2438538.62,2064760.98
1/23/2017,3466339.69,2719480.1
1/24/2017,2856042.21,2288079.89
1/25/2017,2345949.16,1953862.54
1/26/2017,3398297.86,2689465.29
1/27/2017,3893498.97,3118864.85
1/28/2017,5454445.79,4466542.85
1/29/2017,6530902.38,5313138.23
1/30/2017,5647441.37,4545794.61
1/31/2017,5786663.6,4731579.01
2/1/2017,3754242.39,3007642.45
2/2/2017,2084558.98,1704689.79
2/3/2017,2527455.7,2118774.82
2/4/2017,2511052.37,2067059.03
2/5/2017,2436308.96,2039899.33
2/6/2017,2567404.94,2085607.67
2/7/2017,2738634.88,2219123.05
2/8/2017,1933130.03,1586818.66
2/9/2017,2516914.69,2076822.36
2/10/2017,2588464.94,2130151.17
2/11/2017,3014037.02,2552520.25
2/12/2017,3603536.48,2886850.52
2/13/2017,4440040.43,3602625.97
2/14/2017,3875527.43,3254271.21
2/15/2017,2042667.61,1725509.05
2/16/2017,3533527.8,2858753.36
2/17/2017,3023518.61,2507056.83
2/18/2017,3277433.63,2800726.99
2/19/2017,4520643.56,3744775.49
2/20/2017,5623470.83,4661358.55
2/21/2017,5243661.46,4397106.06
2/22/2017,4461426.24,3673004.77
2/23/2017,5005082.74,4050645.07
2/24/2017,5197080.94,4291124.12
2/25/2017,7193655.77,5984598.22
2/26/2017,6951383.99,5568547.06
2/27/2017,7418488.93,6084966.92
2/28/2017,5900508.14,4852701.48
3/1/2017,4138759.12,3461752.84
3/2/2017,1084768.59,894235.96
3/3/2017,1291387.67,1088338.93
3/4/2017,1414852.54,1091358.11
3/5/2017,2359240.19,1784452.73
3/6/2017,3890607.23,3160109.06
3/7/2017,3220221.21,2644266.94
3/8/2017,4553707.12,3607122.81
3/9/2017,4967983.41,4034647.4
3/10/2017,6057343.95,4929376.63
3/11/2017,4368486.87,3465509.34
3/12/2017,3116003.75,2481856.51
3/13/2017,4924647.72,4152542.23
3/14/2017,5669415.23,4519981.15
3/15/2017,7298281.44,5862653.36
3/16/2017,7437742.79,6020449.52
3/17/2017,7834618.24,6274517.1
3/18/2017,5974783.9,4875618.15
3/19/2017,5122059.27,4468071.53
3/20/2017,5574811.65,4750949.98
3/21/2017,6395400.59,5699224.23
3/22/2017,6704488.72,5884865.16
3/23/2017,8227253.04,7586583.97
3/24/2017,8043513.7,7275137.93
3/25/2017,5949599.34,5438511.57
3/26/2017,5631526.96,5140078.21
3/27/2017,6690279.11,5981854.17
3/28/2017,7528150.84,6808020.58
3/29/2017,8839810.76,8216778.38
3/30/2017,17516038.82,16224964.49
3/31/2017,16556662.03,15209810.1
4/1/2017,15808755.61,14645912.76
4/2/2017,14750037.65,13407725.54
4/3/2017,11986923.68,10898039.76
4/4/2017,3822590.98,3438348.87
4/5/2017,4629254.97,4199168.99
4/6/2017,3991728.43,3603945.57
4/7/2017,3428956.51,3033332.62
4/8/2017,3512061.04,3104040.68
4/9/2017,5195329.1,4683867.18
4/10/2017,4956146.85,4458418.44
4/11/2017,6400896.15,5775011.4
4/12/2017,6346191.53,5932271.71
4/13/2017,6080699.31,5675033.32
4/14/2017,5046450.29,4501125.15
4/15/2017,5118767.2,4382670.97
4/16/2017,5550880.17,4613246.21
4/17/2017,6659045.31,5533903.49
4/18/2017,8056843.67,6512827.94
4/19/2017,8628781.58,6869166.87
4/20/2017,7240460.1,5704449.86
4/21/2017,5516371.41,4399591.55
4/22/2017,5307716.56,4273571.86
4/23/2017,7933547.43,6292750.65
4/24/2017,7075130.23,5783275.04
4/25/2017,8289377.68,6751931.23
4/26/2017,11677117.94,9490915.85
4/27/2017,10910842.34,8767860.5
4/28/2017,8873238.46,7052027.5
4/29/2017,13969061.08,11193381.32
4/30/2017,12763691.95,10213945.04
5/1/2017,10437173.89,8248934.13
5/2/2017,10668293.77,8545428.77
5/3/2017,11066087.91,8850240.81
5/4/2017,5096072.55,4205229.55
5/5/2017,5663567.39,4486107.35
5/6/2017,3743378.15,2996412.53
5/7/2017,4893557.72,3947883.38
5/8/2017,5867384.27,4768855.8
5/9/2017,6383091.75,5203605.53
5/10/2017,7501996.22,6032076.17
5/11/2017,10239562.28,8268973.88
5/12/2017,8320439.9,6726540.41
5/13/2017,7357524.23,5896933.82
5/14/2017,6662133.39,5287890.68
5/15/2017,7541584.53,6196974.67
5/16/2017,6978902.38,5556954.23
5/17/2017,7526190.32,5942140.35
5/18/2017,10554187.11,8417567.55
5/19/2017,8723026.23,6978931.62
5/20/2017,6210104.92,4916762.05
5/21/2017,7924193.43,6410830.66
5/22/2017,7701304.95,6167091.35
5/23/2017,8875094.41,7259320.81
5/24/2017,9809118.2,7989958.15
5/25/2017,12997641.6,10345551.33
5/26/2017,10924584.92,8936147.49
5/27/2017,6842735.97,5377732.71
5/28/2017,6133951.19,4817050.8
5/29/2017,7513494.18,5975112.76
5/30/2017,15437626.24,12468271.46
5/31/2017,17314841.86,13846685.08
6/1/2017,17639270.88,14102311.81
6/2/2017,17528852.88,14154253.77
6/3/2017,15308256.14,12312510.57
6/4/2017,4982217.86,4015671.63
6/5/2017,6879970.92,5535512.4
6/6/2017,5342823.74,4216558.08
6/7/2017,7640608.49,6119021.16
6/8/2017,7229728.05,5870597.71
6/9/2017,6070420.59,4805414.43
6/10/2017,6331260.25,5062026.02
6/11/2017,6522568.24,5237226.84
6/12/2017,6628740.01,5335810.64
6/13/2017,9097973.24,7325847.9
6/14/2017,10026676.46,8103723.85
6/15/2017,7940593.56,6369139.96
6/16/2017,7143718.68,5840484.65
6/17/2017,7455304.37,6136710.77
6/18/2017,7827068.5,6257008.19
6/19/2017,7342525.83,5820728.91
6/20/2017,8225238.75,6368214.24
6/21/2017,10655514.59,8609715.32
6/22/2017,9198620.13,7431185.52
6/23/2017,6526283.84,5230359.86
6/24/2017,7602436.11,6685562.91
6/25/2017,7066545.51,6587328.34
6/26/2017,7983541.46,7671373.55
6/27/2017,9250037.34,9101777.72
6/28/2017,11067229.74,10779722.88
6/29/2017,14575854.67,14163551.21
6/30/2017,10343460.86,10016805.64
7/1/2017,9399552.7,9077728.29
7/2/2017,8465410.55,8425628.54
7/3/2017,7335280.55,7353625.52
7/4/2017,1548331.57,1505172.52
7/5/2017,2498941.43,2468637.84
7/6/2017,3806545.74,3785638.98
7/7/2017,3910669.38,3735165.73
7/8/2017,2775904.89,2709365.34
7/9/2017,4305575.04,4091213.73
7/10/2017,4406742.02,4296558.78
7/11/2017,4944810.32,4863855.67
7/12/2017,4751983.65,4543652.2
7/13/2017,6163660.52,5965250.9
7/14/2017,4470547.96,4429144.59
7/15/2017,4914470.82,4964833.31
7/16/2017,5679726.46,5555676.19
7/17/2017,5903451.12,5721733.07
7/18/2017,5722567,5454385.63
7/19/2017,5823778.88,5343161.22
7/20/2017,7767875.77,6983084.24
7/21/2017,7742137.96,6801188.17
7/22/2017,5031209.52,4280297.37
7/23/2017,5822844.6,4618045.67
7/24/2017,5657508.49,4478937.41
7/25/2017,7277905.64,5735726.58
7/26/2017,8323356.74,6749350.5
7/27/2017,10162217.48,8082143.68
7/28/2017,8483149.48,6878556.14
7/29/2017,7623158.15,6127361.47
7/30/2017,8808543.18,8256517.97
7/31/2017,9466549.72,11128407.08
8/1/2017,7103485.92,8893176.14
8/2/2017,6242432.38,8556480.36
8/3/2017,6560878.74,8998020.07
8/4/2017,5472043.99,7638550.59
8/5/2017,1626028.13,2192300.16
8/6/2017,2056024.63,2936220.92
8/7/2017,2070918.21,2673620.96
8/8/2017,2631383.27,3603508.2
8/9/2017,2635632.31,3591835.02
8/10/2017,3124252.01,4079777.28
8/11/2017,3164344.57,4365179.69
8/12/2017,2404905.33,3325606.06
8/13/2017,2375693.54,3146463.17
8/14/2017,3038574.28,4128458.45
8/15/2017,2570726.93,3709393.15
8/16/2017,3226436.89,4462853.41
8/17/2017,4035498.92,5750566.25
8/18/2017,3226338.29,4356894.77
8/19/2017,2594209.32,3620782.22
8/20/2017,2793076.6,3941814.02
8/21/2017,2634922.72,3676913.21
8/22/2017,3146373.54,4106696.92
8/23/2017,3476965.73,4769850.97
8/24/2017,4910360.99,6796852.79
8/25/2017,3349335.96,4548124.98
8/26/2017,2646726.51,3741666.75
8/27/2017,2383553.18,3067888.41
8/28/2017,3635080.01,5161278.75
8/29/2017,7306573.99,9554867.54
8/30/2017,6946636.36,9396255.8
8/31/2017,7907948.51,10017576
9/1/2017,5962206.68,7605277.51
9/2/2017,6245530.26,7453975.27
9/3/2017,2366258.16,2028274.79
9/4/2017,3110959.61,2696832.33
9/5/2017,4156708.13,3697301.2
9/6/2017,3962558.61,3470517.33
9/7/2017,3177169.11,2911789
9/8/2017,2758623.23,2466116.27
9/9/2017,3407389.12,3057748.67
9/10/2017,2833078.04,2447241.71
9/11/2017,4351501.62,3874079.03
9/12/2017,5272757.92,4657582.93
9/13/2017,4375381.18,3897483.92
9/14/2017,2944995.39,2598454
9/15/2017,4050240.35,3493814.51
9/16/2017,3998480.39,3572766.48
9/17/2017,3646297.83,3324722.05
9/18/2017,4708998.08,4108242.1
9/19/2017,5863767.93,5193156.23
9/20/2017,4348094.84,3813888.37
9/21/2017,3941062.22,3437534.89
9/22/2017,4296469.47,3871217.73
9/23/2017,4068464.64,3622953.87
9/24/2017,3893369.27,3496467.09
9/25/2017,5274815.56,4684517.64
9/26/2017,5803004.55,5062124.41
9/27/2017,7446035.82,6568633.22
9/28/2017,7777371.32,7033425.19
9/29/2017,5297992.65,4816175.26
9/30/2017,5604370.48,4849617.32
10/1/2017,4057941.88,3476480.87
10/2/2017,2879522.46,2342981.57
10/3/2017,2733645.95,2251158.64
10/4/2017,3991921.57,3166198.46
10/5/2017,3219806.7,2540926.63
10/6/2017,2919860.88,2393697.54
10/7/2017,3614512.4,2790501.3
10/8/2017,3915909.65,3064193.34
10/9/2017,3295589.64,2601027.16
10/10/2017,3865996.54,3056078.01
10/11/2017,5115944.9,4157714.79
10/12/2017,4480692.67,3480805.66
10/13/2017,3073492.71,2485145.78
10/14/2017,3790006.69,2996354.65
10/15/2017,3744243.63,2920145.88
10/16/2017,4113305.99,3202804.6
10/17/2017,4345077.6,3330124.96
10/18/2017,6078621.94,4769081.72
10/19/2017,3916465.28,3063562.45
10/20/2017,3454637.53,2776840.51
10/21/2017,3395571.6,2700303.7
10/22/2017,3560322.33,2849008.19
10/23/2017,3915143.5,3019168.91
10/24/2017,3172297.01,2492929.42
10/25/2017,6656072.71,5320570.98
10/26/2017,5244501.34,4208554.22
10/27/2017,3452345.34,2711681.12
10/28/2017,3658997.27,2958790.37
10/29/2017,7644126.36,6130363.53
10/30/2017,7135440.35,5691818.99
10/31/2017,7280919.6,5711548.55
11/1/2017,7083914.55,5591633.48
11/2/2017,5199936.08,4288675.49
11/3/2017,1577128.76,1289906.6
11/4/2017,1931786.56,1566251.33
11/5/2017,2523519.9,2073018.57
11/6/2017,3018330.58,2360833.81
11/7/2017,4095990.43,3338509.96
11/8/2017,4277782.67,3348300.89
11/9/2017,2792998.33,2205753.88
11/10/2017,3541249.75,2843011.6
11/11/2017,2921904.65,2403613.27
11/12/2017,3084484.33,2422146.93
11/13/2017,3746234.93,2946152.31
11/14/2017,4154076.39,3314644.14
11/15/2017,3854132.18,3119546.66
11/16/2017,3066706.38,2516030.25
11/17/2017,2781968.82,2191402.04
11/18/2017,2774765.8,2218818.06
11/19/2017,3132539.58,2911417.5
11/20/2017,2995966.89,2760945.71
11/21/2017,2297213.47,2128140.16
11/22/2017,2248567.69,2263677.12
11/23/2017,1749357.29,1656734.06
11/24/2017,1620958.87,1618303.7
11/25/2017,2674533.14,2727514.77
11/26/2017,2940959.43,2955583.74
11/27/2017,3888410.38,3813390.96
11/28/2017,5847881.51,5752351.51
11/29/2017,4871438.96,4803864.88
11/30/2017,4264134.96,4156136.15
12/1/2017,2565213.32,2510402.2
12/2/2017,2798541.49,2818052.3
12/3/2017,1410398.63,1318304.86
12/4/2017,1209471.35,1144863.17
12/5/2017,1723297.16,1680632.44
12/6/2017,1875094.15,1865514.43
12/7/2017,2133387.42,2193351.43
12/8/2017,1553493.17,1488945.36
12/9/2017,1605808.62,1631952.74
12/10/2017,1836022.63,1769756.1
12/11/2017,2040261.84,2142116.71
12/12/2017,2636835.06,2612267.82
12/13/2017,2887343.12,2845278.71
12/14/2017,2544808.4,2511218.15
12/15/2017,2615767.25,2602096.36
12/16/2017,1895310.17,1824600.76
12/17/2017,2997880.85,2962168.44
12/18/2017,2575839.99,2572642.87
12/19/2017,2830509.48,2835294.19
12/20/2017,3950305.28,3962113.72
12/21/2017,2446276.92,2392977.63
12/22/2017,2423079.28,2383321.92
12/23/2017,2343205.29,2302420.5
12/24/2017,1582944.12,1537881.36
12/25/2017,1888197.46,1829750.85
12/26/2017,2701416.56,2654070.12
12/27/2017,4103218.35,4112542.69
12/28/2017,3545279.44,3453711.8
12/29/2017,6520226.98,6483039.79
12/30/2017,5342810.18,5371586.26
12/31/2017,5157535.61,5013423.96
1/1/2018,4076479.77,3905605.37
1/2/2018,3624718.09,3245091.67
1/3/2018,1228388.32,997328.86
1/4/2018,1209588,943742.57
1/5/2018,1515574.79,1226621.86
1/6/2018,1836672.15,1424469.16
1/7/2018,1476050.73,1224918.4
1/8/2018,2536686.97,2085102.3
1/9/2018,2729162.63,2140605.04
1/10/2018,2434343.96,1884221.76
1/11/2018,2183840.91,1845305.97
1/12/2018,2862550.24,2341061.28
1/13/2018,2753366.32,2271479.73
1/14/2018,2226116.52,1762940.79
1/15/2018,3128561.64,2520530.26
1/16/2018,3770286.85,3022848.85
1/17/2018,3240996.79,2645347.64
1/18/2018,2110305.53,1667911.37
1/19/2018,2086549.59,1700643.75
1/20/2018,2418121.84,2008335.01
1/21/2018,2484308.01,1971853.24
1/22/2018,3315490.36,2730843.03
1/23/2018,4611238.46,3755442.15
1/24/2018,3270861.1,2653232.42
1/25/2018,2275701.54,1820602.61
1/26/2018,2897617.42,2400983.47
1/27/2018,3617772.88,2965865.28
1/28/2018,3128272.36,2453931.52
1/29/2018,5197360.04,4086899.16
1/30/2018,5706924.49,4618954.53
1/31/2018,5009601.43,4199624.93
2/1/2018,3670728.79,3012405.31
2/2/2018,4258063.02,3505527.95
2/3/2018,1981564.16,1568068.11
2/4/2018,2874335.62,2202119.84
2/5/2018,3130745.66,2498095.83
2/6/2018,3339473.15,2568216.59
2/7/2018,2805812.6,2202832.26
2/8/2018,2150875.76,1718669.78
2/9/2018,2144621.01,1686060.42
2/10/2018,2584198.15,2095864.1
2/11/2018,2962791.58,2320546.01
2/12/2018,3622566.63,2796978.04
2/13/2018,4418784.14,3538184.9
2/14/2018,4218153.95,3395697.77
2/15/2018,3128927.36,2501462.4
2/16/2018,3463265.1,2649618.11
2/17/2018,4206774.3,3318989.93
2/18/2018,3926304.19,3167573.08
2/19/2018,4186201.52,3338454.11
2/20/2018,5091061.73,4033905.61
2/21/2018,3907743.08,3150049.7
2/22/2018,3063440.84,2341066.15
2/23/2018,3544367.16,2804587.84
2/24/2018,3364498.21,2679591.94
2/25/2018,4015454.83,3238625.9
2/26/2018,7426597.23,5998758.22
2/27/2018,8416365.51,6844455.72
2/28/2018,8409092.75,6627677.09
3/1/2018,6963830.59,5570058.79
3/2/2018,5613671.87,4371797.12
3/3/2018,1177076.3,967531.27
3/4/2018,2218712.31,1781519.01
3/5/2018,2742871.53,2230053.99
3/6/2018,3203122.41,2519131.06
3/7/2018,4507553.37,3470623.71
3/8/2018,3419972.83,2864363.46
3/9/2018,3250890.44,2689334.35
3/10/2018,3479853.91,2832299.24
3/11/2018,4342360.28,3337146.36
3/12/2018,3648185.26,2790754.99
3/13/2018,5344808.38,4343953.93
3/14/2018,6867137.98,5489756.33
3/15/2018,6357153,4930724.06
3/16/2018,4667689.08,3716263.52
3/17/2018,6875294.96,5458868.53
3/18/2018,5615859.9,4613908.21
3/19/2018,5314373.17,4472182.88
3/20/2018,6054738.37,5116787.38
3/21/2018,6826815.9,5913005.8
3/22/2018,5512035.33,4925778.06
3/23/2018,4008326.65,3711085.6
3/24/2018,5227586.74,4619965.13
3/25/2018,4970364.06,4473153.96
3/26/2018,6133670.91,5616024.38
3/27/2018,6350306.2,5743746.71
3/28/2018,8582287.61,7811323.78
3/29/2018,7363015.35,6638405.71
3/30/2018,12176690.89,10927925.46
3/31/2018,11278748.95,10156610.77
4/1/2018,9326921.27,8552479.35
4/2/2018,9532990.22,8745489.29
4/3/2018,9176055.6,8274855.19
4/4/2018,3771895.32,3451444.47
4/5/2018,2915055.94,2584733.26
4/6/2018,3716970.57,3290630.48
4/7/2018,4650087.25,4137264.98
4/8/2018,4317415.31,3833384.91
4/9/2018,4916546.48,4479387.83
4/10/2018,7060893.97,6323343.96
4/11/2018,5719121.32,5144349.61
4/12/2018,4925768.26,4274900.55
4/13/2018,4955951.73,4445276.84
4/14/2018,5934960.89,5111153.97
4/15/2018,5904150.09,4782715.57
4/16/2018,7603253.45,6190718.89
4/17/2018,9179593.09,7283796.97
4/18/2018,9507550.23,7504171.54
4/19/2018,6670677.39,5141784.57
4/20/2018,7753365.66,6032943.55
4/21/2018,6793803.83,5216087.55
4/22/2018,7058897.65,5480418.64
4/23/2018,8991635.45,7095225.16
4/24/2018,10052878.22,8047009.91
4/25/2018,9547875.66,7562805.33
4/26/2018,7281885.08,5826147.75
4/27/2018,7916179.31,6291028.22
4/28/2018,10502784.65,8150501.12
4/29/2018,12074392.53,9758209.64
4/30/2018,12464011.32,10080235.11
5/1/2018,13778926.53,10888681.41
5/2/2018,12779953.62,10186293.15
5/3/2018,9480205.54,7740627.05
5/4/2018,3081716.09,2431808.71
5/5/2018,4882374.55,3844333.13
5/6/2018,4852630.6,3859217.33
5/7/2018,5630735.57,4477313.26
5/8/2018,5961711.29,4782188.47
5/9/2018,8207932.76,6468074.72
5/10/2018,7249267.2,5767724.99
5/11/2018,5934039.42,4706572.43
5/12/2018,5782619.05,4599452.28
5/13/2018,5902938.45,4640987.62
5/14/2018,7023913.46,5532477.08
5/15/2018,8789772.31,6971865.67
5/16/2018,9398231.32,7399830.54
5/17/2018,9816742.13,7698242.57
5/18/2018,7337944.43,5819237.35
5/19/2018,6925640.35,5627670.43
5/20/2018,8653992.04,6799995.97
5/21/2018,6241809.14,4958178.74
5/22/2018,7847121.97,6132458.54
5/23/2018,11779004.94,9369180.79
5/24/2018,9030397.74,7160269.86
5/25/2018,6498399.18,5141245.68
5/26/2018,5600677.63,4596266.34
5/27/2018,6413198.63,5135755.4
5/28/2018,7438573.25,5854231.41
5/29/2018,10262818.32,7905889.83
5/30/2018,20905271.35,16535857.67
5/31/2018,19289944.12,15561846.1
6/1/2018,19245165.78,15287542.6
6/2/2018,17529108.34,13707707.44
6/3/2018,13779702.07,10827445.24
6/4/2018,4373078.45,3458754.81
6/5/2018,5537841.59,4323885.63
6/6/2018,6238754.07,4903699.53
6/7/2018,4523493.87,3579003.08
6/8/2018,5863271.23,4570207.33
6/9/2018,7018402.9,5469599.5
6/10/2018,6333777.67,5115963.75
6/11/2018,7812992.68,6338472.32
6/12/2018,8959000,7232971.98
6/13/2018,9047626.88,7216006.11
6/14/2018,6994969.99,5361729.98
6/15/2018,7278400.85,5850026.61
6/16/2018,9653316.6,7581593.64
6/17/2018,8270248.42,6473926.23
6/18/2018,9578590.6,7481623.41
6/19/2018,10591854.27,8526409.74
6/20/2018,10442554.6,8340504.64
6/21/2018,7960357.2,6345143.3
6/22/2018,7890035.7,6262366.78
6/23/2018,7919846.87,6623002.69
6/24/2018,7114017.67,6244799.31
6/25/2018,8744485.32,8162955.36
6/26/2018,10888893.34,10123784.8
6/27/2018,11081146.52,10874461.91
6/28/2018,8513932.2,8332592.17
6/29/2018,12484085.14,11945221.58
6/30/2018,10005221.27,9784802.48
7/1/2018,8830377.17,8529895.83
7/2/2018,8070014.23,7743177.14
7/3/2018,9033060.75,8644208.55
7/4/2018,2096565.2,2027736.06
7/5/2018,2944993.36,2822619.07
7/6/2018,2036989.14,2040145.8
7/7/2018,3253556.07,3156576.31
7/8/2018,2752144.2,2725199.41
7/9/2018,4430764.61,4215804.43
7/10/2018,5201122.72,4881351.11
7/11/2018,6502831.07,6236313.66
7/12/2018,6228668.47,6094439.16
7/13/2018,4250921.4,4213700.8
7/14/2018,4868504.46,4786402.77
7/15/2018,5393026.83,5249791.03
7/16/2018,4994805.9,4716050.05
7/17/2018,5712604.18,5386803.9
7/18/2018,7639039.23,7484190.04
7/19/2018,6252432.84,5912775.72
7/20/2018,5761282.54,5222554.73
7/21/2018,4939690.9,4320031.79
7/22/2018,5641320.53,4834937.23
7/23/2018,6121614.15,4864263.18
7/24/2018,6821739.77,5344675.82
7/25/2018,7944998.65,6241710.94
7/26/2018,6463508.32,5212368.25
7/27/2018,5162979.4,4110689.88
7/28/2018,6313222.5,5068784.77
7/29/2018,6597216.94,5284529.74
7/30/2018,7314460.76,5725898.93
7/31/2018,12496367.04,9909115.53
8/1/2018,13786351.91,10884999.4
8/2/2018,10106943.25,7999614.76
8/3/2018,9026931.62,7058116.81
8/4/2018,6859151.1,5490125.8
8/5/2018,3117800.12,2491453.39
8/6/2018,3924563.55,3048117.59
8/7/2018,4212970.63,3334965.62
8/8/2018,4647118.76,3610702.93
8/9/2018,4946125.63,3977801.47
8/10/2018,3705554.89,2859379.41
8/11/2018,4591065.72,3598807.89
8/12/2018,4030885.81,3179458.32
8/13/2018,4244815.28,3284829.91
8/14/2018,6041631.13,4766947.5
8/15/2018,6058071.07,4807626.36
8/16/2018,5333680.81,4015767.27
8/17/2018,4314679.61,3455461.38
8/18/2018,4960825.43,3902500.12
8/19/2018,4978431.53,3847035.88
8/20/2018,4896843.63,3837284.3
8/21/2018,5971341.33,4692653.97
8/22/2018,7086185.79,5662221.43
8/23/2018,5392520.44,4260217.92
8/24/2018,3329330.38,2630754.1
8/25/2018,4716376.41,3836954.01
8/26/2018,4717920.92,3744613.34
8/27/2018,6151109.31,4800826.49
8/28/2018,12207075.48,9954369.46
8/29/2018,10330752.34,8329694.93
8/30/2018,10819458.93,8497693.47
8/31/2018,9769233.6,7975907.3
9/1/2018,8834290.53,7236711.56
9/2/2018,2926208.13,2475973.31
9/3/2018,3730127.97,3250956.11
9/4/2018,2895558.56,2566039.59
9/5/2018,2683914.3,2352008.69
9/6/2018,2220736.04,1976596.92
9/7/2018,2737800.42,2305499.6
9/8/2018,3138040.11,2844198.87
9/9/2018,4428844.18,3809539.78
9/10/2018,3518686.76,3115017.21
9/11/2018,2737148.82,2457613.39
9/12/2018,3907657.89,3473624.08
9/13/2018,3198359.98,2826009.39
9/14/2018,3759913.17,3409768.94
9/15/2018,3182906.62,2708850.83
9/16/2018,4513878.02,4134396.21
9/17/2018,3684035.33,3185261.69
9/18/2018,3511249.8,3093197.05
9/19/2018,3203671.41,2850137.86
9/20/2018,2967505.47,2634513.81
9/21/2018,3391440.87,3055926.25
9/22/2018,3067943.56,2653342.07
9/23/2018,4892505.92,4455722.87
9/24/2018,4916532.68,4394814.48
9/25/2018,3834324.5,3363603.04
9/26/2018,4727732.71,4050861.46
9/27/2018,5609192.49,4998150.71
9/28/2018,5221949.72,4643296.21
9/29/2018,5089871.44,4351327.13
9/30/2018,5437181.81,4591821.05
10/1/2018,4742181.64,4115311.14
10/2/2018,1807247.84,1354070.12
10/3/2018,1798411.4,1414782.3
10/4/2018,2726313.6,2140614.37
10/5/2018,2484898.47,1911895.45
10/6/2018,2157385.6,1668290.7
10/7/2018,2767415.65,2075893.96
10/8/2018,3075660.75,2408923.48
10/9/2018,2768213.46,2199027.83
10/10/2018,1759060.3,1352309.05
10/11/2018,2288675.28,1804152.97
10/12/2018,3801607.19,3093283.75
10/13/2018,3486645.25,2756384.22
10/14/2018,3516624.21,2744217.98
10/15/2018,3593428.63,2809961.8
10/16/2018,4126610.48,3221862.51
10/17/2018,2193280.79,1721100.93
10/18/2018,2364712.74,1825738.91
10/19/2018,2753648.17,2191447.61
10/20/2018,3067392.26,2428564
10/21/2018,2965006.46,2322786.28
10/22/2018,3760345.32,3093167.35
10/23/2018,3210408.93,2590626.71
10/24/2018,2388950.39,1810211.59
10/25/2018,2281239.32,1789602.98
10/26/2018,2925667.62,2326884.75
10/27/2018,3517566.83,2788248.35
10/28/2018,5148086.02,4236118.44
10/29/2018,6121160.36,4854267.79
10/30/2018,5647021.76,4534254.48
10/31/2018,5340696.76,4313400.22
11/1/2018,4100504.23,3207191.36
11/2/2018,1332091.2,973346.43
11/3/2018,1775113.55,1429465.35
11/4/2018,2595301.17,2110463.11
11/5/2018,2667990.75,2059523.3
11/6/2018,2019349.93,1662050.67
11/7/2018,2141247.67,1769789.01
11/8/2018,1913450.02,1511722.76
11/9/2018,2619129.29,2039164.75
11/10/2018,2402388.27,1910373.68
11/11/2018,3568388.14,2844379.91
11/12/2018,2517159.72,2054634.4
11/13/2018,1925203.6,1550255.36
11/14/2018,1687382.45,1226935.5
11/15/2018,2055680.2,1571568
11/16/2018,2040967.69,1635316.04
11/17/2018,2025956.74,1601361.16
11/18/2018,3630560.3,3005034.69
11/19/2018,2171786.9,1822847.47
11/20/2018,2495899.61,2196442.6
11/21/2018,1870994.01,1826252.29
11/22/2018,1690197.81,1647708.27
11/23/2018,1647035.11,1656826.5
11/24/2018,1991985.26,1889498.02
11/25/2018,2085511.05,2029509.86
11/26/2018,2543960.96,2433523.18
11/27/2018,2369522.33,2218838.51
11/28/2018,1733474.59,1753556.92
11/29/2018,2226459.09,2127649.92
11/30/2018,2058963.14,2054767.53
12/1/2018,1216044.13,1211686.23
12/2/2018,977052.29,950959.05
12/3/2018,1855981.25,1750191.91
12/4/2018,1606060.57,1508604.3
12/5/2018,1085024.44,1036671.25
12/6/2018,942014.91,946159.68
12/7/2018,1200649.15,1205634.51
12/8/2018,1453175.2,1434521
12/9/2018,1834112.01,1791856.09
12/10/2018,1719022.37,1695031.78
12/11/2018,1670763.83,1670771.64
12/12/2018,1416824.27,1409602.12
12/13/2018,1605917.55,1631146.11
12/14/2018,1986080.6,1901692.62
12/15/2018,1761139.67,1649696.47
12/16/2018,1956185.08,1973002.66
12/17/2018,1975625.37,2012021.47
12/18/2018,1917848.83,1813056.96
12/19/2018,1548668.19,1537872.76
12/20/2018,2111859.13,1955020.76
12/21/2018,1795780.71,1747996.02
12/22/2018,1497206.71,1451328.96
12/23/2018,1221387.72,1203158.82
12/24/2018,2110373.43,2051630.86
12/25/2018,1398293.31,1329598.03
12/26/2018,1989426.16,1906954.63
12/27/2018,2379859.2,2336594.02
12/28/2018,4637468.16,4553417.55
12/29/2018,4597405.16,4592577.25
12/30/2018,3975279.59,3817470.28
12/31/2018,3827364.78,3811034.54
1/1/2019,2430742.1,2422276.45
1/2/2019,857486.8,611460.51
1/3/2019,1095516.84,931676.57
1/4/2019,1356732.44,1032253.29
1/5/2019,1752585.71,1344358.95
1/6/2019,1660128.37,1324455.7
1/7/2019,1936096.71,1554210.1
1/8/2019,1715399.79,1347590.83
1/9/2019,1858318.85,1516237.67
1/10/2019,1259650.79,1032558.86
1/11/2019,2153841.45,1671962.72
1/12/2019,2073990.81,1674370.35
1/13/2019,3354624.45,2671314.89
1/14/2019,2361690.18,1807957.6
1/15/2019,1504083.3,1181548.42
1/16/2019,1724908.79,1349961.65
1/17/2019,2280332.07,1816414.62
1/18/2019,1474326.17,1227149.16
1/19/2019,1754206.62,1335367.18
1/20/2019,3160071.59,2517012.51
1/21/2019,2299476.91,1856585.16
1/22/2019,2108562.98,1708188.75
1/23/2019,1826741.5,1369479.14
1/24/2019,2523490.79,2014906.08
1/25/2019,2014411.34,1674040.36
1/26/2019,2940618.52,2385985.7
1/27/2019,4391507.1,3459322.38
1/28/2019,4748349.69,3779471.66
1/29/2019,4822586.51,3839462.75
1/30/2019,3962494.16,3161585.88
1/31/2019,3557233.24,2914824.87
2/1/2019,2922884.32,2311260.65
2/2/2019,1988116.58,1648391.91
2/3/2019,2075616.33,1663159.13
2/4/2019,1690969.52,1412906.86
2/5/2019,1648913.11,1341931.74
2/6/2019,2019237.55,1620812
2/7/2019,1807804.86,1498934.77
2/8/2019,1887002.96,1514639.32
2/9/2019,2204244.85,1794590.32
2/10/2019,2992194.41,2405467.55
2/11/2019,3050258.51,2505704.13
2/12/2019,2270445.76,1865294.51
2/13/2019,2305149.57,1875958.77
2/14/2019,2959207.82,2441504.63
2/15/2019,2813189.48,2241015.21
2/16/2019,2890421,2337140.26
2/17/2019,3658575.54,2895275.54
2/18/2019,4680433.34,3760557.76
2/19/2019,1783513.49,1498699.8
2/20/2019,3142305.74,2556936.4
2/21/2019,3225995.91,2685076.1
2/22/2019,2981029.98,2400898.37
2/23/2019,3243671.03,2744035.42
2/24/2019,4659488.7,3774721.6
2/25/2019,6710330.49,5461991.46
2/26/2019,5143906.53,4181682.12
2/27/2019,4911504.39,3881267.76
2/28/2019,3391644.13,2722597.05
3/1/2019,2228532.66,1861831.11
3/2/2019,662215.74,563992.66
3/3/2019,925441.51,757846.4
3/4/2019,1915592.53,1559541.64
3/5/2019,2386338.6,1912200.04
3/6/2019,3341337.75,2745260.51
3/7/2019,2432557.33,1818192.91
3/8/2019,2666858.91,2181539.6
3/9/2019,3019892.33,2454977.33
3/10/2019,2681616.97,2134676.6
3/11/2019,2420084.85,1983304.37
3/12/2019,3925730.26,3314125.8
3/13/2019,5148543.25,4034220.49
3/14/2019,4367141.68,3458729.41
3/15/2019,3296671.21,2596766.78
3/16/2019,2593942.24,2020686.01
3/17/2019,3647905.41,2976722.37
3/18/2019,4462652.85,3659897.03
3/19/2019,4580736.76,3861332.4
3/20/2019,5766530.12,4960357.22
3/21/2019,4408617.11,3962414.33
3/22/2019,3610928.89,3304221.4
3/23/2019,3582976.25,3279702.06
3/24/2019,4240123.5,3766823
3/25/2019,4446564.37,4012232.01
3/26/2019,5345042.2,4766707.57
3/27/2019,6535411.89,5978075.49
3/28/2019,5315964.12,4667097.61
3/29/2019,4309156.23,3848197.98
3/30/2019,9442671.99,8583254.53
3/31/2019,7501232.88,6774268.33
4/1/2019,7842271.08,7122821.67
4/2/2019,6799630.38,6231069.37
4/3/2019,6787287.3,6224164.42
4/4/2019,2048272.63,1722283.77
4/5/2019,1919484.59,1795248.81
4/6/2019,2259659.48,2043470.72
4/7/2019,2241076.34,2042622.76
4/8/2019,3104721.28,2774939.49
4/9/2019,3989319.25,3630481.23
4/10/2019,3426420.13,3160123.01
4/11/2019,3579994.96,3276911.01
4/12/2019,3059845.93,2753429.2
4/13/2019,3248777,3006192.84
4/14/2019,4002434.76,3635296.53
4/15/2019,3468600.1,3009772.87
4/16/2019,5005921.07,4277532.29
4/17/2019,4866105.58,3844447.57
4/18/2019,3458407.78,2689432.07
4/19/2019,3282803.64,2507866.68
4/20/2019,3583833.11,2817340.98
4/21/2019,4280648.65,3400564.11
4/22/2019,5111723.35,4071500.83
4/23/2019,6076381.37,4899064.86
4/24/2019,6020945.99,4856675.57
4/25/2019,4244369.27,3305396.09
4/26/2019,3983588.88,3067018.69
4/27/2019,4765470.57,3742260.25
4/28/2019,5579108.13,4391470.92
4/29/2019,9634257.78,7639657.66
4/30/2019,8059929.99,6487250.52
5/1/2019,8442603.96,6897673.92
5/2/2019,7808399.68,6038961.99
5/3/2019,4022286.5,3234443.01
5/4/2019,2045383.76,1603260.81
5/5/2019,2460393.45,1889099.54
5/6/2019,3089088.99,2546015.45
5/7/2019,3216799.62,2460959.9
5/8/2019,3179618.97,2549583.11
5/9/2019,3478743.01,2820877.92
5/10/2019,3379956.2,2669556.82
5/11/2019,3223254.17,2537597.46
5/12/2019,3692378.28,2866716.95
5/13/2019,4792349.11,3788342.27
5/14/2019,4862166.63,3833993.27
5/15/2019,5013097.75,3959824.14
5/16/2019,4763396.54,3739102.59
5/17/2019,4890006.38,3947766.75
5/18/2019,4212074.41,3390993.32
5/19/2019,3110577.15,2404869.12
5/20/2019,4833855.83,3883813.76
5/21/2019,4376980.41,3545197.6
5/22/2019,5873623.7,4676076.56
5/23/2019,5059289.39,4065945.82
5/24/2019,4257574.66,3427856.53
5/25/2019,2703860.17,2041659.91
5/26/2019,3290638.14,2614660.18
5/27/2019,3692587.25,3103910.35
5/28/2019,4649913.83,3737938.55
5/29/2019,6694197.08,5100391.64
5/30/2019,10560540.55,8440357.87
5/31/2019,8767512.49,6975728.64
6/1/2019,8443797.15,6772402.64
6/2/2019,7455195.67,6102711.18
6/3/2019,6200836.36,4928192.22
6/4/2019,3657388.71,2889750.29
6/5/2019,3116184.22,2354873.53
6/6/2019,3413543.4,2707745.48
6/7/2019,2810118.57,2267280.87
6/8/2019,3253725.42,2576270
6/9/2019,4254903.93,3456557.9
6/10/2019,4783133.64,3750235.77
6/11/2019,4164146.71,3288307.35
6/12/2019,4780123.09,3862755.17
6/13/2019,3141446.63,2434324.12
6/14/2019,3321275.31,2699480.09
6/15/2019,4401658.94,3526274.43
6/16/2019,3952891.26,3206561.32
6/17/2019,4164327.54,3246799.45
6/18/2019,5036738.58,4114695.79
6/19/2019,5640058.49,4485935.07
6/20/2019,4189605.48,3314789.57
6/21/2019,3812450.83,3058079.55
6/22/2019,4550924.39,3531072.86
6/23/2019,3568419.01,3068943.59
6/24/2019,3996277.5,3433419.57
6/25/2019,5688790.13,5142260.13
6/26/2019,5662278.62,5280030.26
6/27/2019,3630711.11,3603596.44
6/28/2019,4670111.28,4617792.03
6/29/2019,7024746.69,6925205.4
6/30/2019,4945041.75,4627222.46
7/1/2019,4925285.45,4871863.28
7/2/2019,4873332.05,4786134.47
7/3/2019,4886424.07,4756249.61
7/4/2019,1489388.03,1415805.18
7/5/2019,1841931.9,1789551.81
7/6/2019,1673667.75,1672504.8
7/7/2019,2108446.49,2118852.35
7/8/2019,2671803.54,2584413.1
7/9/2019,2568480.24,2386535.86
7/10/2019,2970737.48,2920183.57
7/11/2019,3613434.66,3602172.41
7/12/2019,2385921.03,2226726.44
7/13/2019,2098969.4,1932133.96
7/14/2019,2644124.5,2456787.05
7/15/2019,2978181.99,2929468.55
7/16/2019,3187013.74,3153087.05
7/17/2019,3959202.82,3896487.16
7/18/2019,3615222.41,3550288.82
7/19/2019,2386618.42,2254762.11
7/20/2019,3483966.92,3119293.47
7/21/2019,2833440.98,2457034.76
7/22/2019,3439033.06,2731287.61
7/23/2019,3417186.56,2643724.49
7/24/2019,4684554.37,3722991.01
7/25/2019,4181297.47,3389253.8
7/26/2019,2974387.4,2282672.9
7/27/2019,2400455.83,1937294.99
7/28/2019,3130479.33,2444819.96
7/29/2019,3105749.62,2493332.47
7/30/2019,3330499.22,3199104.79
7/31/2019,5525632.29,6089074.09
8/1/2019,4455488.15,5321254.35
8/2/2019,3938923.04,4562144.93
8/3/2019,2470651.33,3392027.67
8/4/2019,2494912.22,3600849.09
8/5/2019,1043419.2,1459268.06
8/6/2019,1858125.18,2640605.83
8/7/2019,2612652.22,3641188.5
8/8/2019,2075506.82,2794288.53
8/9/2019,1373112.09,1937571.87
8/10/2019,1564845.37,2196994.14
8/11/2019,2346475.31,3292514.02
8/12/2019,1668045.94,2290560.15
8/13/2019,1490813.69,2171947.13
8/14/2019,3101196.53,4169515.66
8/15/2019,2478038.89,3512738.3
8/16/2019,1829640.99,2493094.05
8/17/2019,2003878.36,2733913.19
8/18/2019,1947390.84,2839386.72
8/19/2019,2333967.14,3290384.64
8/20/2019,2278154.51,3059344.57
8/21/2019,2902500.19,3975109.52
8/22/2019,3279690.88,4303594.26
8/23/2019,1923531.37,2481146.96
8/24/2019,1741999.11,2380723.06
8/25/2019,2343821.96,2973037.78
8/26/2019,1566162.85,2092259.75
8/27/2019,2452198.24,3395896.49
8/28/2019,5201709.9,7205663.14
8/29/2019,4504012.62,6055206.11
8/30/2019,5157053.02,6765323.43
8/31/2019,5057671.9,6368386.98
9/1/2019,4505538.06,5575548.49
9/2/2019,1524133.27,1524323.94
9/3/2019,1594821.11,1372800.55
9/4/2019,870213.71,795474.98
9/5/2019,1849227.68,1737296.3
9/6/2019,2055566.63,1816545.14
9/7/2019,2056135.02,1821442.12
9/8/2019,2799308.76,2590587.34
9/9/2019,3586421.12,3025750.34
9/10/2019,2327550.31,2102928.06
9/11/2019,2579418.47,2224939.94
9/12/2019,2239528.24,2055638.17
9/13/2019,2602979.12,2360984.02
9/14/2019,2471379.44,2104170.27
9/15/2019,2704686.82,2355376.75
9/16/2019,3377677.52,3056070.46
9/17/2019,2208634.91,1901278.99
9/18/2019,2218355.01,1872520.36
9/19/2019,2750834.47,2383301.79
9/20/2019,1849923.37,1616131.82
9/21/2019,3723308.64,3312576.87
9/22/2019,3164897.45,2715456.74
9/23/2019,3099449.09,2787237.94
9/24/2019,2947408.34,2515101
9/25/2019,2898334.29,2483117.25
9/26/2019,2908501.91,2610054.46
9/27/2019,3950186.78,3564014.93
9/28/2019,3814692.18,3453282.93
9/29/2019,4292493.62,3763429.08
9/30/2019,4319120.35,3566624.12
10/1/2019,3461580,2846842.32
10/2/2019,1385364.76,1073130.28
10/3/2019,1326788.68,1033086.86
10/4/2019,1866207.62,1478185.6
10/5/2019,1911023.55,1500730.35
10/6/2019,2387439.44,1819262.68
10/7/2019,1999285.69,1511800.84
10/8/2019,1470915.7,1203719.05
10/9/2019,1397689.65,1162543.67
10/10/2019,1458507.56,1177103.47
10/11/2019,2040409.76,1602691.87
10/12/2019,1557560.26,1243446.67
10/13/2019,2002257.12,1582043.04
10/14/2019,1775994.7,1462978.37
10/15/2019,2018887.59,1548517.17
10/16/2019,1464108.41,1141541.16
10/17/2019,1372058.65,1046890.17
10/18/2019,1653633.26,1278811.6
10/19/2019,2811323.63,2269521.38
10/20/2019,2844841.01,2392660.05
10/21/2019,2711153.32,2148763.37
10/22/2019,2214683.33,1838977.01
10/23/2019,1759141.45,1358481.77
10/24/2019,2022900.04,1666320.71
10/25/2019,3187144.16,2421364.94
10/26/2019,2566324.34,2091249.47
10/27/2019,2753908.73,2215124.51
10/28/2019,4549329.18,3685783.91
10/29/2019,4173624.95,3482498.58
10/30/2019,4011152.34,3303293.41
10/31/2019,3902622.14,3200919.46
11/1/2019,2457372.77,1859550.39
11/2/2019,1251673.78,1011108.33
11/3/2019,1429798.26,1038587.83
11/4/2019,1262571.36,995581.04
11/5/2019,1612667.27,1321321.71
11/6/2019,1293265.9,977612.75
11/7/2019,1946539.7,1520179.67
11/8/2019,1109713.24,903061.67
11/9/2019,2311380.72,1875909.56
11/10/2019,3011648.48,2352435.67
11/11/2019,2092297.23,1711092.76
11/12/2019,2105090.82,1720904.41
11/13/2019,2427345.64,1997625.77
11/14/2019,2269908.4,1766713.41
11/15/2019,2141001.63,1662947.41
11/16/2019,1941582.58,1536690.27
11/17/2019,2590750.35,2104287.3
11/18/2019,2099691.1,1835944.86
11/19/2019,1303736.25,1077699.56
11/20/2019,1211508.93,1056017.89
11/21/2019,1758120.57,1675422.59
11/22/2019,1717259.82,1683212.87
11/23/2019,1275541.97,1314745.82
11/24/2019,1513582.11,1601636.32
11/25/2019,1823713.36,1796200.75
11/26/2019,1658805.72,1632988.64
11/27/2019,1673862.79,1730384.96
11/28/2019,2283224.58,2385990.97
11/29/2019,1727675.92,1763358.52
11/30/2019,1706944.78,1590980.52
12/1/2019,1570052.1,1541270.84
12/2/2019,939051.09,913949.28
12/3/2019,1049432.49,1050128.15
12/4/2019,808148.29,776278.66
12/5/2019,584316.21,549261.88
12/6/2019,1028672.61,965955.9
12/7/2019,1004670.88,991134.01
12/8/2019,992442.58,1015934.13
12/9/2019,1419175.87,1414450.62
12/10/2019,902926.09,843652.61
12/11/2019,1013400.28,984737.87
12/12/2019,928048.97,925066.67
12/13/2019,1377941.74,1350365.69
12/14/2019,1133983.1,1100467.71
12/15/2019,1178357.1,1177403.13
12/16/2019,2441615.29,2435335.9
12/17/2019,1509802.09,1466889.03
12/18/2019,1081751.46,1118946.01
12/19/2019,1755344.65,1729566.17
12/20/2019,1591897.49,1519651.21
12/21/2019,1604411,1557139.8
12/22/2019,1998393.15,2053342.91
12/23/2019,1553261.7,1489890.38
12/24/2019,1516895.67,1497007.31
12/25/2019,1299670.93,1288364.93
12/26/2019,962186.25,831064.78
12/27/2019,2014300.3,2077708.75
12/28/2019,3502828.06,3565984.26
12/29/2019,3313547.73,3269447.73
12/30/2019,3576704.95,3493583.35
12/31/2019,2778326.07,2777906.18
1/1/2020,1871817.88,1823332.03
1/2/2020,306693.87,273455.38
1/3/2020,766406.86,609099.87
1/4/2020,888245.03,704147.35
1/5/2020,1285208.07,1020467.61
1/6/2020,970782.47,779316.08
1/7/2020,764267.46,602605.56
1/8/2020,1107287.26,894624.14
1/9/2020,1056334.6,871321.63
1/10/2020,1052535.45,809623.15
1/11/2020,1482481.4,1217653.88
1/12/2020,1377373.92,1076992.76
1/13/2020,1823598.04,1448101.5
1/14/2020,1243925.22,978766.56
1/15/2020,1380005.06,1018100.72
1/16/2020,1030944.9,795470.95
1/17/2020,1830660.94,1431085.31
1/18/2020,1766837.19,1324243.87
1/19/2020,1524971.65,1235381.65
1/20/2020,1754063.39,1357099.14
1/21/2020,1339757.99,1058996.46
1/22/2020,1519425.6,1259362.61
1/23/2020,1004242.27,765471.69
1/24/2020,1704378.2,1375285.81
1/25/2020,1822074.98,1406914.83
1/26/2020,2456410.62,1973809.59
1/27/2020,3063079.4,2398030.81
1/28/2020,2756106.46,2116903.62
1/29/2020,2649423.01,2056424.25
1/30/2020,2487204.75,2078176.85
1/31/2020,1641713.06,1229647.19
2/1/2020,1463943.76,1142123.1
2/2/2020,1093114.88,845764.23
2/3/2020,1316072.4,1043180.49
2/4/2020,1029616.88,806175.81
2/5/2020,1584431.42,1282491.8
2/6/2020,1426441.72,1176781.21
2/7/2020,1459386.86,1149577.39
2/8/2020,2184212.09,1826022.53
2/9/2020,2055783.58,1523755.95
2/10/2020,2291998.17,1847054.74
2/11/2020,1213349.37,971610.69
2/12/2020,1321005.73,1096334.73
2/13/2020,1581431.75,1352362.12
2/14/2020,2037539.68,1651978.34
2/15/2020,2021731.66,1579252.08
2/16/2020,2850540.94,2254151.72
2/17/2020,3027388.85,2358428.94
2/18/2020,1906269.53,1488503.07
2/19/2020,2587869.93,2040282.29
2/20/2020,2179252.94,1655887.69
2/21/2020,1875282.27,1484938.15
2/22/2020,2816611.42,2298912.93
2/23/2020,3660447.62,2943311.48
2/24/2020,4913668.98,3894010.08
2/25/2020,3883383.17,3094926.07
2/26/2020,3776016.2,3155920.72
2/27/2020,2799802.2,2267130.6
2/28/2020,1651589.28,1198881.14
2/29/2020,440505.08,389641.44
3/1/2020,574193.42,436323.03
3/2/2020,723891.53,597321.16
3/3/2020,943222.71,762767.07
3/4/2020,1909614.63,1505586.81
3/5/2020,2333220.72,1843371.65
3/6/2020,1511362.89,1171921.71
3/7/2020,1871812.61,1532326.46
3/8/2020,2407053.63,1849597.49
3/9/2020,2614688.4,2090705.98
3/10/2020,2160515.74,1668007.68
3/11/2020,3433278.78,2692451.6
3/12/2020,4588363.52,3791750.44
3/13/2020,3021810.51,2369481.88
3/14/2020,2973651.06,2401421.48
3/15/2020,3221293.98,2639677.91
3/16/2020,3825962.41,3158330.02
3/17/2020,3337087.52,2593918.94
3/18/2020,4361415.01,3636509.4
3/19/2020,4192556.63,3408251.62
3/20/2020,4714923.6,4026187.52
3/21/2020,3786624.27,3364585.08
3/22/2020,3660217.49,3308325.46
3/23/2020,4599846.79,4217636.5
3/24/2020,3777061.29,3491500.34
3/25/2020,5473119.8,4913905.47
3/26/2020,4976074.87,4486016.71
3/27/2020,5292649.55,4770553.08
3/28/2020,4107108.15,3626441.43
3/29/2020,4853424.1,4204693.19
3/30/2020,8661154.35,7724558.44
3/31/2020,7897174.25,7105527.86
4/1/2020,8755809.46,7957568.75
4/2/2020,7577709.18,6681340.51
4/3/2020,6784809.88,6004344.42
4/4/2020,2596249.84,2421613.19
4/5/2020,2270549.35,2115323.24
4/6/2020,2174513.69,1986210.77
4/7/2020,2970609.75,2686271.15
4/8/2020,4245321.13,3850661.27
4/9/2020,3887991.65,3427172.36
4/10/2020,3023393.36,2760209.97
4/11/2020,3732689.24,3332780.74
4/12/2020,2907846.49,2591717.12
4/13/2020,3947462.22,3605060.08
4/14/2020,3808658.46,3373247.72
4/15/2020,4628778.3,3891917.12
4/16/2020,4375989.59,3596667.75
4/17/2020,4558971.27,3709799.59
4/18/2020,3884483.75,3074401.15
4/19/2020,5420905.61,4354985.3
4/20/2020,3709374.1,2922517.52
4/21/2020,3772726,2994859.61
4/22/2020,5657450.97,4439369.34
4/23/2020,5173024.12,4119922.93
4/24/2020,3753095.45,2970279.3
4/25/2020,3664845.35,2858437.84
4/26/2020,4605371.55,3664887.11
4/27/2020,5455531.12,4305091.4
4/28/2020,5014129.21,3953650.56
4/29/2020,10020939.03,8067774.24
4/30/2020,7581421.63,6073119.3
5/1/2020,6232298.35,4980016.59
5/2/2020,4883269.9,3978529.52
5/3/2020,4614868.43,3622251.36
5/4/2020,1696650.37,1285985.68
5/5/2020,2127409.75,1664266.24
5/6/2020,2719040.36,2101438.95
5/7/2020,3735794.57,3081283.21
5/8/2020,3885246.63,3057670.15
5/9/2020,2045722.89,1564919.31
5/10/2020,3584812.06,2817308.7
5/11/2020,2782658.98,2126531.87
5/12/2020,3333481.33,2554876.05
5/13/2020,3150929.25,2367805.02
5/14/2020,4015255.86,3222738.56
5/15/2020,5094966.3,4205637.32
5/16/2020,3808061,3113947.78
5/17/2020,3532524.59,2826498.79
5/18/2020,3000875.02,2429735.03
5/19/2020,3027466.21,2447172.14
5/20/2020,3689172.21,3019892.02
5/21/2020,4498828.44,3647887.78
5/22/2020,5108046.04,3839020.41
5/23/2020,4015420.66,3313265.28
5/24/2020,4700650.04,3764671.03
5/25/2020,4378883.27,3340216.53
5/26/2020,3938416.11,3225312.26
5/27/2020,4400378.84,3586763.01
5/28/2020,7125254.26,5586999.34
5/29/2020,8058075.78,6156826.89
5/30/2020,8571150.17,6917398.63
5/31/2020,7068160.11,5722407.19
6/1/2020,7434640.87,6007912.51
6/2/2020,3295138.19,2630884.15
6/3/2020,3497127.32,2854677.4
6/4/2020,2962471.81,2212520.77
6/5/2020,2452274.28,2042840.96
6/6/2020,2258600.23,1840555.75
6/7/2020,2693731.83,2065838.19
6/8/2020,3084455.23,2459766.38
6/9/2020,3331413.85,2608681.96
6/10/2020,3810023.86,3037801.06
6/11/2020,4027121.39,3106482.9
6/12/2020,2833219.35,2245340.12
6/13/2020,2840132.87,2324352.25
6/14/2020,3797554.63,3078986.36
6/15/2020,3921468.12,3112876.56
6/16/2020,3620819.64,2950472.85
6/17/2020,4864660.1,3741174.91
6/18/2020,4188150.34,3329563.04
6/19/2020,2960897.79,2329260.25
6/20/2020,2189006.74,1795056.75
6/21/2020,3477329.48,2740967.86
6/22/2020,3068801.79,2472668.81
6/23/2020,3277142.11,2715748
6/24/2020,4983800.13,4272479.54
6/25/2020,4480875.32,3949301.47
6/26/2020,3538964.96,3128909.95
6/27/2020,2952009.99,2893474.01
6/28/2020,4033143.22,4037949.63
6/29/2020,5223388.62,5021085.51
6/30/2020,5506677.04,5509880.9
7/1/2020,4785799.65,4637675.06
7/2/2020,4866951.38,4707883.99
7/3/2020,3696972.88,3771036.88
7/4/2020,706367.78,665027.87
7/5/2020,1406074.5,1343687.36
7/6/2020,2077312.99,1986626.45
7/7/2020,2024009.16,2068227.77
7/8/2020,1848400.71,1796794
7/9/2020,2881762.16,2884926.26
7/10/2020,2456330.77,2270775.74
7/11/2020,2777782.43,2617463.18
7/12/2020,2353469.99,2352864.85
7/13/2020,2674159.75,2528820.54
7/14/2020,2241406.69,2199143.63
7/15/2020,2628917.79,2573366.47
7/16/2020,3496916.1,3417273.9
7/17/2020,2963494.21,2910103.21
7/18/2020,2167217.41,2102740.45
7/19/2020,2598183.41,2439859.2
7/20/2020,2378509.49,2153084.64
7/21/2020,3060145.15,2555988.41
7/22/2020,3102912.51,2421357.03
7/23/2020,3882974.91,3066175.92
7/24/2020,3897982.79,3118044.81
7/25/2020,2726776.18,2185291.86
7/26/2020,2852671.37,2228931.73
7/27/2020,2831486.13,2289596.5
7/28/2020,2395619.59,1857411.18
7/29/2020,3158908.2,2317187.54
7/30/2020,4151632.35,3350026.58
7/31/2020,5610491.95,4496247.74
8/1/2020,6132541.37,4909626.33
8/2/2020,5345584.67,4186394.94
8/3/2020,4397713.48,3443554.44
8/4/2020,3298352.62,2591360.98
8/5/2020,2223462.81,1734678.05
8/6/2020,2991469.99,2308279.85
8/7/2020,3277756.91,2547914.06
8/8/2020,2449651.51,2088845.7
8/9/2020,2935305.67,2352528.07
8/10/2020,2914723.92,2318822.04
8/11/2020,2533038.45,2110648.66
8/12/2020,4245177.97,3574622.62
8/13/2020,3438121.83,2662240.38
8/14/2020,3685522.51,2879232.79
8/15/2020,2556409.43,2072000.19
8/16/2020,2596444.46,2077063.06
8/17/2020,3646382.12,2892437.08
8/18/2020,3240488.83,2493505.46
8/19/2020,3279887.27,2543910.75
8/20/2020,3569013.59,2909846.44
8/21/2020,3939388.46,3133654.06
8/22/2020,2465099.71,2000862.66
8/23/2020,2832425.22,2280579.88
8/24/2020,3217603.07,2631929.43
8/25/2020,2428315.18,1917538.84
8/26/2020,3194953.82,2616197.98
8/27/2020,4445347.68,3675387.97
8/28/2020,7296538.72,5928088.7
8/29/2020,7517051.79,6089417.86
8/30/2020,8480394.59,6775599.46
8/31/2020,7490849.71,6294569.34
9/1/2020,6047477.92,5072223.86
9/2/2020,1434923.77,1282633.72
9/3/2020,1557705.54,1435356.63
9/4/2020,1425115.38,1249060.77
9/5/2020,1581867.47,1449235.72
9/6/2020,2654105.11,2377874.42
9/7/2020,2479133.84,2159138.36
9/8/2020,2542645.13,2183405
9/9/2020,1979410.07,1799215.01
9/10/2020,3146008.14,2761931.92
9/11/2020,1990335.39,1821328.74
9/12/2020,2806228.3,2605429.08
9/13/2020,2240095.92,1957201.32
9/14/2020,2832905.03,2603630.98
9/15/2020,2914536.51,2476205.19
9/16/2020,1994638.41,1821831.75
9/17/2020,1827659.24,1626961.14
9/18/2020,2600220.08,2233677.06
9/19/2020,1806587.98,1582702.76
9/20/2020,2334885.81,2132834.58
9/21/2020,3082015.84,2723671.97
9/22/2020,2827707.7,2426080.5
9/23/2020,2254030.17,2095482.45
9/24/2020,2021614.99,1879290.21
9/25/2020,2587034.31,2341681.4
9/26/2020,2219447.23,2025784.18
9/27/2020,3907778.93,3495826.9
9/28/2020,4681424.38,4163962.01
9/29/2020,3862957.51,3418321.41
9/30/2020,3185317.6,2835582.57
10/1/2020,2053948.94,1801442.13
10/2/2020,844947.12,672777.16
10/3/2020,1819620.17,1400911.62
10/4/2020,1305849.84,1031248.84
10/5/2020,1476045.28,1106750.78
10/6/2020,2225510.95,1785750.97
10/7/2020,2084609.48,1633404.7
10/8/2020,1798621.9,1415449.28
10/9/2020,1682037.65,1404182.57
10/10/2020,2023437.43,1582185.76
10/11/2020,1446988.51,1177371.98
10/12/2020,1856496.7,1470316.91
10/13/2020,3071390.97,2435896.58
10/14/2020,2627129.58,2030216.9
10/15/2020,1826480.99,1499468.55
10/16/2020,2213689.11,1814772.4
10/17/2020,2024181.52,1623856.95
10/18/2020,2416150.55,2000897.4
10/19/2020,1798941.77,1455468.16
10/20/2020,2361849.87,1800189.76
10/21/2020,2168284.88,1762213.02
10/22/2020,2384359.77,1939167.59
10/23/2020,1313373.58,984874.54
10/24/2020,2435210.66,1935814.16
10/25/2020,2045855.5,1595051.09
10/26/2020,2383306.02,1881515.76
10/27/2020,3242319.66,2668015.76
10/28/2020,4138715.4,3246854.44
10/29/2020,3361148.04,2777298.73
10/30/2020,2606337.42,2045887.36
10/31/2020,3099623.67,2419274.6
11/1/2020,2000351.9,1651707.88
11/2/2020,1609265.54,1276568.22
11/3/2020,1148970.3,951051.1
11/4/2020,1475675.48,1140886.92
11/5/2020,1340308.97,1063954.02
11/6/2020,717152.89,537123.9
11/7/2020,1261006.58,1012158.51
11/8/2020,1462906.75,1152752.12
11/9/2020,1841341.67,1500031.86
11/10/2020,1423817.05,1131446.53
11/11/2020,1850484.56,1510899.02
11/12/2020,1742209.81,1490266.12
11/13/2020,1874908.56,1475799.13
11/14/2020,1505407.33,1170919.18
11/15/2020,1822943.34,1452200.16
11/16/2020,1677772.33,1289405.39
11/17/2020,1698265.63,1375791.27
11/18/2020,1708292.62,1460231.18
11/19/2020,1389140.38,1147069.41
11/20/2020,1761075.99,1653768.63
11/21/2020,1277317.49,1191035.2
11/22/2020,1402812.95,1422457.39
11/23/2020,1254495.47,1331674.56
11/24/2020,1234768.03,1251831.61
11/25/2020,1016787.85,1011073.66
11/26/2020,1003033.14,1066907.31
11/27/2020,2064673.72,2076697.24
11/28/2020,2102733.52,2118368.35
11/29/2020,1696662.48,1642786.66
11/30/2020,1376299.12,1423882.94
12/1/2020,1160032.88,1083886.83
12/2/2020,370653.23,366277.85
12/3/2020,528608.48,509665.44
12/4/2020,645703.05,632473.93
12/5/2020,653591.96,700683.81
12/6/2020,755648.75,731905.7
12/7/2020,832522.38,856716.78
12/8/2020,1297656.34,1226584.15
12/9/2020,1154833.63,1135523.17
12/10/2020,696601.42,694712.49
12/11/2020,708701.4,714731.83
12/12/2020,1122552.93,1114505.97
12/13/2020,937152.62,894184.44
12/14/2020,1601200.69,1536265.51
12/15/2020,1355809.66,1345601.61
12/16/2020,1368150.26,1378715.06
12/17/2020,1104685.57,1105268.19
12/18/2020,1251306.12,1173503.24
12/19/2020,1648432.09,1604918.15
12/20/2020,1777867.4,1748875.07
12/21/2020,2040125.86,2025685.77
12/22/2020,2050706.5,1957791.36
12/23/2020,1964805.24,2036033.68
12/24/2020,1223063.47,1196024.1
12/25/2020,1200258.49,1181002.97
12/26/2020,1099988,1121806.33
12/27/2020,1517374.4,1548752.98
12/28/2020,3627797.75,3660309.96
12/29/2020,2940732.69,2915164.04
12/30/2020,2881135.64,2881761.18
12/31/2020,2153864.87,2157011.11
1/1/2021,1553431.51,1547553.58
1/2/2021,378420.41,311258.46
1/3/2021,677894.56,516308.19
1/4/2021,819877.04,631242.67
1/5/2021,1174326.91,961163.6
1/6/2021,1114251.05,906466.26
1/7/2021,837846.02,690390.14
1/8/2021,1023293.14,849565.94
1/9/2021,853729.27,699954.28
1/10/2021,1180728.66,984866.85
1/11/2021,1515387.6,1201417.37
1/12/2021,1062807.64,869052.09
1/13/2021,1070756.5,856031.34
1/14/2021,764427.24,629061.31
1/15/2021,977003.78,779003.57
1/16/2021,1185774.61,916210.38
1/17/2021,1224098.2,966990.57
1/18/2021,2502006.18,1916159.06
1/19/2021,2011018.39,1652010.17
1/20/2021,1595354.2,1216527.62
1/21/2021,1698207.91,1250048.47
1/22/2021,1620041.5,1267935.48
1/23/2021,1744298.27,1412867.08
1/24/2021,1862707.42,1491339.57
1/25/2021,2346216.5,1913189.53
1/26/2021,2993616.58,2282478.29
1/27/2021,2258351.94,1690062.59
1/28/2021,2405871.45,1845885.39
1/29/2021,2246568.53,1778946.6
1/30/2021,2167603.39,1754979.72
1/31/2021,1607178.02,1317474.79
2/1/2021,1551374.11,1281321.59
2/2/2021,958876.9,764858.08
2/3/2021,1095535.11,933310.92
2/4/2021,1345207.17,1009834.12
2/5/2021,1749418.05,1399602.15
2/6/2021,1240787.91,940727.48
2/7/2021,1814367.53,1394396.68
2/8/2021,1325809.68,1131072.08
2/9/2021,1448124.96,1194857.77
2/10/2021,1851743.73,1575581.32
2/11/2021,1689417.95,1396084.38
2/12/2021,1983824.96,1679342.84
2/13/2021,1986462.63,1556559.62
2/14/2021,2942830.48,2472928.79
2/15/2021,3142099.08,2531323.24
2/16/2021,1874868.49,1645455.89
2/17/2021,2468895.03,1948858.13
2/18/2021,1729200.62,1374282
2/19/2021,2485137.46,1894234.27
2/20/2021,2510521.11,1978226.96
2/21/2021,2673937.37,2158355.9
2/22/2021,3295922.4,2680528.93
2/23/2021,4952064.84,3886168.63
2/24/2021,2880648.13,2377495.5
2/25/2021,5675843.97,4598510.35
2/26/2021,3813868.44,3118356.14
2/27/2021,3241854.71,2733660.27
2/28/2021,2348995.75,1901704.24
3/1/2021,1942260.67,1595206.21
3/2/2021,679248.37,536287.19
3/3/2021,1202803.22,982110.07
3/4/2021,2188811.67,1718125.54
3/5/2021,1350969.16,1101818.84
3/6/2021,1702498.76,1385168.73
3/7/2021,2475099.15,2022240.35
3/8/2021,2765984.78,2054703.58
3/9/2021,2910840.37,2318282.64
3/10/2021,2793536.43,2183321.72
3/11/2021,4291688.17,3434300.04
3/12/2021,4134860.06,3361961.81
3/13/2021,2417371.88,1968099.73
3/14/2021,2889680.59,2334076
3/15/2021,3654509.31,2866925.36
3/16/2021,4008350.11,3320217.27
3/17/2021,4400411.89,3480694.63
3/18/2021,5516765.31,4537155.51
3/19/2021,3614457.51,2975958.79
3/20/2021,3232018.55,2766387.35
3/21/2021,2822145.24,2475231.8
3/22/2021,3923103.49,3698730.81
3/23/2021,4222620.69,3768846.71
3/24/2021,4003647.57,3639438.17
3/25/2021,4847687.37,4322456.49
3/26/2021,4034615.27,3623284.41
3/27/2021,3612774.77,3405524.2
3/28/2021,3528929.89,3193051.24
3/29/2021,4090090.6,3735223.94
3/30/2021,10795905.35,9875208.04
3/31/2021,9220320.43,8547874.84
4/1/2021,9027075.84,8225391.38
4/2/2021,7866035.23,7228630.89
4/3/2021,7594752.42,7064149.71
4/4/2021,1720555.46,1597615.49
4/5/2021,2665962.66,2489752.36
4/6/2021,2627509.32,2395678.58
4/7/2021,3504391.02,3200078
4/8/2021,3026850.22,2768519.33
4/9/2021,3110153.27,2714930.73
4/10/2021,2505766.01,2142941.81
4/11/2021,2755337.37,2528446.54
4/12/2021,3206411.87,3006280.88
4/13/2021,3231903.43,2897501.76
4/14/2021,5218947.03,4826353.96
4/15/2021,4270735.63,3783812.65
4/16/2021,3735241.12,3308841.35
4/17/2021,3800876.52,3259298.49
4/18/2021,4448113.81,3495208.68
4/19/2021,3468512.12,2925337.15
4/20/2021,4030055.78,3186833.6
4/21/2021,5244905.44,4141247.89
4/22/2021,4635126.49,3691630.05
4/23/2021,2503702.41,1966755.8
4/24/2021,3966260.92,3199689.13
4/25/2021,4545990.29,3630097.75
4/26/2021,4718077.11,3814996.18
4/27/2021,5303542.87,4355535.28
4/28/2021,5606431.49,4335482.99
4/29/2021,9535515.05,7714922.63
4/30/2021,6962149.33,5622679.65
5/1/2021,6555221.49,5276005.92
5/2/2021,5301495.07,4383106.98
5/3/2021,3778243.02,3051862.47
5/4/2021,1930133.97,1605646.92
5/5/2021,2491751.76,1992920.65
5/6/2021,3090364.98,2462408.5
5/7/2021,3099539.75,2583097.98
5/8/2021,2448108.31,2024581.03
5/9/2021,3801718.87,3192875.3
5/10/2021,3546216.71,2807669.46
5/11/2021,3323078.36,2752138.51
5/12/2021,4782841.68,3847828.01
5/13/2021,5666923.8,4709813.19
5/14/2021,5250104.11,4258778.21
5/15/2021,3858160.76,3146686.62
5/16/2021,3981359.06,3199505.04
5/17/2021,4684806.7,3826508.17
5/18/2021,3549112.31,2889339.05
5/19/2021,4795038.58,3840346.57
5/20/2021,5057797.75,4088691.43
5/21/2021,5434543.62,4271132.76
5/22/2021,4310539.38,3526722.84
5/23/2021,3846392.54,3086892.89
5/24/2021,3987573.28,3177252.48
5/25/2021,3822459.48,3142554.15
5/26/2021,4915453.17,4056932.97
5/27/2021,7320510.07,6048379.93
5/28/2021,6925957.27,5561587.62
5/29/2021,4630943.52,3787091.31
5/30/2021,8887935.6,7274840.31
5/31/2021,7996369.9,6466327.4
6/1/2021,7479521.04,6141761.22
6/2/2021,6960798.21,5572082.02
6/3/2021,6367799.03,5139667.32
6/4/2021,2524112.16,2097669.41
6/5/2021,2884765.01,2262050.61
6/6/2021,3795966.84,3084551.9
6/7/2021,3757477.99,3136794.28
6/8/2021,3948452.32,3177527.58
6/9/2021,3733884.76,3009506.21
6/10/2021,3994102.54,3220973.51
6/11/2021,3221511.31,2622379.46
6/12/2021,3618435.07,2920008.48
6/13/2021,3349171.43,2778202.9
6/14/2021,4007931.92,3159812.63
6/15/2021,4162142.95,3326425.2
6/16/2021,4740156.23,3752544.13
6/17/2021,5807751.43,4698668.17
6/18/2021,4316861.14,3463681.18
6/19/2021,3596996.21,3016398.92
6/20/2021,3113780.62,2502341.31
6/21/2021,3454322.45,2831163.45
6/22/2021,3814525.81,3072656.32
6/23/2021,5129834.24,4258385.56
6/24/2021,5015283.26,4491924.42
6/25/2021,3255836.16,2807033.14
6/26/2021,3202321.56,2946230.91
6/27/2021,3938214.81,3832008.26
6/28/2021,4255543.96,4082242.05
6/29/2021,5907160.01,5911751.11
6/30/2021,5094915.79,4949985.1
7/1/2021,4975867.15,5024857.74
7/2/2021,4397949.68,4326458.07
7/3/2021,3132513.38,3101143.37
7/4/2021,730601.15,647312.84
7/5/2021,1878817.85,1927429.12
7/6/2021,1616214.16,1626948.22
7/7/2021,1741509.6,1715092.93
7/8/2021,2563149.38,2518109.42
7/9/2021,2685812.87,2706650.91
7/10/2021,2524108.8,2448068.41
7/11/2021,2592712.85,2553763.2
7/12/2021,3123873.5,3108780
7/13/2021,2650746.43,2549076.58
7/14/2021,2970833.54,2785803.91
7/15/2021,3628282.86,3639556.87
7/16/2021,2768513.94,2780496.25
7/17/2021,2453122.24,2399937.97
7/18/2021,2827723.47,2930478.35
7/19/2021,2859598.56,2696150.18
7/20/2021,3389960.06,3045138.98
7/21/2021,3336465.66,2928248.05
7/22/2021,4388007.92,3796262.13
7/23/2021,4385215.41,3753800.99
7/24/2021,2294305.45,1930929.33
7/25/2021,2549303.61,2173412.06
7/26/2021,3676952.36,2918564.14
7/27/2021,3460197.23,2857159.07
7/28/2021,4046860.27,3235448.81
7/29/2021,5547857.68,4566302.38
7/30/2021,6548042.77,6322433.77
7/31/2021,5256382.47,5446793.9
8/1/2021,3652376.75,4109973.08
8/2/2021,4399616.65,4886236.3
8/3/2021,2422462.49,3359505.36
8/4/2021,1157658.1,1697391.73
8/5/2021,1482037.52,2026425.65
8/6/2021,1591502.8,2374360.64
8/7/2021,1632328.25,2336736.46
8/8/2021,1411882.22,1918090.72
8/9/2021,1376421.76,2167285.81
8/10/2021,1581357.61,2246981.07
8/11/2021,1740229.21,2604985.61
8/12/2021,2480973.68,3548924.53
8/13/2021,2199306.57,3444159.74
8/14/2021,1494099.71,1993428.41
8/15/2021,1862118.62,2645589.05
8/16/2021,2220064.67,3319453.91
8/17/2021,2263302.37,3320429.89
8/18/2021,1875383.97,2630473.94
8/19/2021,2535597.13,3644326.12
8/20/2021,2553183.49,3860236.79
8/21/2021,1453356.23,2098001.94
8/22/2021,1640268.07,2295711.5
8/23/2021,1883869.71,2626041.33
8/24/2021,1836322.27,2808012.6
8/25/2021,1939866.54,2821994.79
8/26/2021,1886569.08,2959216.09
8/27/2021,1662732.77,2371412.62
8/28/2021,1664938.51,2453257.65
8/29/2021,4443078.33,6342118.62
8/30/2021,3996164.3,5499176.03
8/31/2021,3940957.44,5240978.22
9/1/2021,3579634.39,4583108.31
9/2/2021,3917618.96,4722341.9
9/3/2021,1070973.42,1003268.02
9/4/2021,1839742.83,1710231.68
9/5/2021,1682890.37,1626164.36
9/6/2021,2097434.58,1931198.13
9/7/2021,2244132.38,1986738.71
9/8/2021,3716975.63,3437593.72
9/9/2021,2187074.96,2082447.03
9/10/2021,1980857.12,1821707.08
9/11/2021,1547495.48,1455524.4
9/12/2021,2102573.99,1909199.54
9/13/2021,2488502.06,2265837.09
9/14/2021,2715006.68,2532491.32
9/15/2021,3275643.47,3007258.03
9/16/2021,1853200.26,1657780.29
9/17/2021,2031900.2,1889074.28
9/18/2021,1910747.73,1785651.61
9/19/2021,1952437.84,1794752.16
9/20/2021,2307149.39,2140377.91
9/21/2021,3210995.34,2839955.92
9/22/2021,2518917.94,2299264.05
9/23/2021,2220736.52,2001371.7
9/24/2021,2008968.22,1790130.16
9/25/2021,2281967.32,2112780.84
9/26/2021,1602075.57,1461503.99
9/27/2021,3058684.14,2864098.57
9/28/2021,4749132.81,4287087.43
9/29/2021,3184253.74,2793067.38
9/30/2021,3504126.92,3102295.47
10/1/2021,2465559.4,2269641.63
10/2/2021,2584886.96,2309451.71
10/3/2021,920334.15,789349.71
10/4/2021,1043382.83,864297.5
10/5/2021,1440909.2,1238586.01
10/6/2021,1793088.31,1465294.6
10/7/2021,1826196.69,1497790.82
10/8/2021,1613264.94,1325310.58
10/9/2021,1794510.68,1447840.15
10/10/2021,1883117.98,1559914.53
10/11/2021,2300450.29,1848634.77
10/12/2021,1567144.44,1334199.42
10/13/2021,1918678.27,1624278.45
10/14/2021,2148334.67,1733671.89
10/15/2021,1900056.41,1665667.16
10/16/2021,2106301.79,1750771.11
10/17/2021,2495144.25,2124471.09
10/18/2021,2029589.44,1714394.15
10/19/2021,1794195.22,1443278.64
10/20/2021,2748359.42,2249708.28
10/21/2021,1715238.6,1425166.31
10/22/2021,2513749.87,2045877.61
10/23/2021,1853822.02,1521941.02
10/24/2021,2201542.06,1879343.83
10/25/2021,2021989.32,1646748.37
10/26/2021,2162674.08,1776598.49
10/27/2021,2151921.73,1803290.61
10/28/2021,2489853.45,2036708.17
10/29/2021,3746325.95,3090953.59
10/30/2021,3434826.63,2965454.49
10/31/2021,3026687.11,2545466.76
11/1/2021,2926691.09,2398381.34
11/2/2021,3072730.67,2536221.43
11/3/2021,1262904.96,1055921.75
11/4/2021,1344901.28,1136391.76
11/5/2021,1257605.18,1084704.98
11/6/2021,2093872.9,1714441.6
11/7/2021,942802.49,782264.44
11/8/2021,2064680.43,1687466.21
11/9/2021,2462296.67,2100076.52
11/10/2021,1774844.23,1518855.62
11/11/2021,1412638.65,1123822.69
11/12/2021,1777590.33,1460783.5
11/13/2021,1291079.97,1073274.92
11/14/2021,1228705.01,1065683.97
11/15/2021,1206377.91,983743.19
11/16/2021,2106714.51,1725304.97
11/17/2021,1531889.09,1349321.43
11/18/2021,1661241.07,1433114.76
11/19/2021,1253389.32,1095039.04
11/20/2021,1071404.44,1040227.2
11/21/2021,1222908.7,1238315.19
11/22/2021,1558297.56,1613383.51
11/23/2021,1613168.79,1629011.23
11/24/2021,1665269.85,1709718.17
11/25/2021,1278003.36,1305823.05
11/26/2021,970756.2,1019443.98
11/27/2021,1407280.07,1519826.79
11/28/2021,2359645.42,2324536.28
11/29/2021,1830856.99,1894919.03
11/30/2021,2987950.32,3045686.15
12/1/2021,1881588.13,1920538.46
12/2/2021,1911470.99,1996362.17
12/3/2021,586748.17,626899.33
12/4/2021,819389.63,787101.35
12/5/2021,1101768.07,1082761.55
12/6/2021,1167887.5,1132700.46
12/7/2021,708706.53,724333.47
12/8/2021,919265.14,968146.91
12/9/2021,999032.78,1047782.72
12/10/2021,1214991.34,1243394.6
12/11/2021,948995.31,997983.77
12/12/2021,1285064.15,1307106.22
12/13/2021,1112918.62,1168775.11
12/14/2021,1821860.68,1884666.84
12/15/2021,1773908.51,1816537.46
12/16/2021,1771984.63,1846296.05
12/17/2021,1463605.82,1523555.95
12/18/2021,1214550.47,1217310.4
12/19/2021,1546435.59,1510053.63
12/20/2021,1676753.39,1642291.41
12/21/2021,2017237.85,2127476.27
12/22/2021,2327738.57,2283587.28
12/23/2021,2415914.18,2480623.5
12/24/2021,1448810.25,1505101.29
12/25/2021,1120986.7,1156338.1
12/26/2021,1317218.46,1338753.3
12/27/2021,1025037.51,986082.95
12/28/2021,1855064.19,1847193.9
12/29/2021,4065184.9,4208667.7
12/30/2021,3842586.5,3948015.94
12/31/2021,3041203.79,3121467.33
1/1/2022,2932155.47,3019583.5
1/2/2022,2361965,2368851.11
1/3/2022,545563.72,476501.31
1/4/2022,1242319.38,1057834.07
1/5/2022,809977.6,684605.3
1/6/2022,993048.62,827696.4
1/7/2022,1294963.64,1109631.82
1/8/2022,1641747.05,1369252.03
1/9/2022,1706485.37,1491356.56
1/10/2022,2569113.21,2158709.88
1/11/2022,1640806.35,1336967.26
1/12/2022,1775526.5,1506945.6
1/13/2022,1173172.99,946254.56
1/14/2022,1548726.82,1300219.1
1/15/2022,1461990.71,1263054.33
1/16/2022,2064339.13,1781850.02
1/17/2022,1621773.2,1340632.16
1/18/2022,1861205.18,1606509.55
1/19/2022,2020862.53,1738187.82
1/20/2022,1249233.56,1043117.49
1/21/2022,1580948.85,1245282.02
1/22/2022,1758593.8,1468639.94
1/23/2022,1785338.17,1512426.38
1/24/2022,1915906.28,1601822.71
1/25/2022,2471179.3,1957064.07
1/26/2022,2278973.82,1903209.07
1/27/2022,1604489.99,1290075.13
1/28/2022,2792317.48,2306948.5
1/29/2022,3897632.5,3247780.03
1/30/2022,3903300.55,3262713.48
1/31/2022,3159829.55,2627738.4
2/1/2022,3672475.88,3092119.13
2/2/2022,3072419.17,2457270.01
2/3/2022,1056919.3,915391.24
2/4/2022,1135262.35,959597.02
2/5/2022,1325806.77,1094262.79
2/6/2022,1360544.32,1086414.25
2/7/2022,1777072.87,1505671.69
2/8/2022,2324022.32,1858719.97
2/9/2022,2087968.13,1716217.3
2/10/2022,1681958.09,1377183.24
2/11/2022,1868277.55,1450465.3
2/12/2022,2483675.48,2002526.57
2/13/2022,2471088.82,2037847.39
2/14/2022,2477651.08,2066561.36
2/15/2022,2911470.49,2304155.38
2/16/2022,3189077.73,2624063.44
2/17/2022,2365001.98,1930644.21
2/18/2022,2218074.92,1902787.38
2/19/2022,2497284.24,2073056.25
2/20/2022,3274514,2808978.4
2/21/2022,3231879.49,2662096.96
2/22/2022,3646117.64,3080342.28
2/23/2022,3297595.34,2768284.27
2/24/2022,2768850.97,2337359.85
2/25/2022,2943786.98,2445090.2
2/26/2022,6304749.98,4896174.07
2/27/2022,5652340.75,4889448.26
2/28/2022,6007208.86,4942844.92
3/1/2022,4532724.33,3774772.1
3/2/2022,5221766.09,4446394.75
3/3/2022,1113577.08,936517.95
3/4/2022,1265611.41,1001621.35
3/5/2022,1917604.21,1671253.56
3/6/2022,2406752.08,1881208.83
3/7/2022,3077438.94,2603663.56
3/8/2022,3777839.97,3199498.52
3/9/2022,4138590.91,3354044.48
3/10/2022,3544992.79,2897669.69
3/11/2022,3499825.21,2868355.02
3/12/2022,3731020.06,3230097.43
3/13/2022,4026635.22,3346220.86
3/14/2022,4709281.9,3928279.43
3/15/2022,4619237.89,3907599.13
3/16/2022,4519934.96,3787149.37
3/17/2022,5222281.22,4421275.88
3/18/2022,4426435.98,3648313.01
3/19/2022,4313906.61,3587200.12
3/20/2022,4198964.15,3744253.09
3/21/2022,4036051.82,3737447.21
3/22/2022,4626820.15,4342565.79
3/23/2022,5301842.45,4915987.31
3/24/2022,5052034.89,4744310.26
3/25/2022,4122489.22,4014534.97
3/26/2022,4325007.4,4010228.32
3/27/2022,5169170.11,4775502.11
3/28/2022,4855258.01,4607293.73
3/29/2022,4908504.49,4613958.54
3/30/2022,11643208.73,10896036.48
3/31/2022,9233141,8773718.15
4/1/2022,8299060.74,8041756.19
4/2/2022,8289456.22,7808017.19
4/3/2022,6547965.12,6148445.74
4/4/2022,1974536.55,1802524.97
4/5/2022,3017582.3,2782222.29
4/6/2022,2934004.6,2645021.55
4/7/2022,1947894.58,1833343.52
4/8/2022,2516364.3,2311523.71
4/9/2022,3523261.24,3380510.41
4/10/2022,3747690.93,3511278.1
4/11/2022,4187283.4,3982564.11
4/12/2022,4300020.35,4061975.74
4/13/2022,4888627.31,4546028.85
4/14/2022,4670014.27,4407778.78
4/15/2022,4908291.49,4288050.23
4/16/2022,5147946.06,4540748.11
4/17/2022,4470361.38,3877207.22
4/18/2022,3680888.01,2995894.73
4/19/2022,4426735.65,3630694.51
4/20/2022,4874458.71,4017615.85
4/21/2022,2926459,2418771.53
4/22/2022,4609506.19,3890393.56
4/23/2022,4709847.04,3925675.06
4/24/2022,5020542.99,4173556.86
4/25/2022,4873788.42,3954819.04
4/26/2022,5688161.6,4770812.83
4/27/2022,5361513.76,4376745.35
4/28/2022,5590934.3,4645081.23
4/29/2022,7579535.07,6187238.79
4/30/2022,6592777.23,5405333.92
5/1/2022,5680859.44,4706859.17
5/2/2022,4291036.44,3434252.59
5/3/2022,5504853.65,4531490.74
5/4/2022,1792730.62,1492900.17
5/5/2022,3556300.98,2916616.09
5/6/2022,2532060.94,2027456.78
5/7/2022,3620303.23,3000039.1
5/8/2022,2468343.71,1923320.47
5/9/2022,2985986.67,2430054.67
5/10/2022,3668495.19,2955983.75
5/11/2022,4347378.73,3521156.43
5/12/2022,4753134.02,3878195.49
5/13/2022,3479131.38,2953956.65
5/14/2022,4406804.98,3730445.32
5/15/2022,4455089.7,3604418.84
5/16/2022,4323621.35,3469983.75
5/17/2022,4158982.96,3363524.3
5/18/2022,6094171.87,4997123.61
5/19/2022,5824908.18,4737898.72
5/20/2022,2226534.2,1797128.71
5/21/2022,4033154.28,3341369.82
5/22/2022,5000275.74,4124194.76
5/23/2022,3647180.26,3055864.88
5/24/2022,4442598.36,3584450.45
5/25/2022,6573956.43,5501922.55
5/26/2022,6284218.49,5141408.99
5/27/2022,3652675.9,2933129.2
5/28/2022,3223975.84,2664148.14
5/29/2022,5327455.25,4413502.81
5/30/2022,8158502,6931185.72
5/31/2022,8513166.37,6787523.6
6/1/2022,8373363.4,7038218.52
6/2/2022,8325437.52,6796380.79
6/3/2022,6585522.44,5345747.87
6/4/2022,2998952.42,2492875.15
6/5/2022,2945501.79,2481566.23
6/6/2022,3100859,2519872.17
6/7/2022,3673238.8,3096187.02
6/8/2022,3686799.9,3086016.13
6/9/2022,2619038.14,2169844.13
6/10/2022,3369544.01,2830537.04
6/11/2022,4463584.56,3478666.52
6/12/2022,4561669.81,3820200.11
6/13/2022,4221162.05,3579316.15
6/14/2022,4843640.76,3943051
6/15/2022,4969823.53,4197066.37
6/16/2022,4143877.35,3546880.86
6/17/2022,4914374.7,4127718.74
6/18/2022,4817780.87,3824360.06
6/19/2022,3795086.21,3161112.99
6/20/2022,3323030.57,2753309.16
6/21/2022,4271838.09,3517936.59
6/22/2022,5182306.11,4283552.22
6/23/2022,3276933.23,2698817.37
6/24/2022,4334289.08,3840132.24
6/25/2022,3650772.37,3465656.03
6/26/2022,3313898.55,3251613.07
6/27/2022,3481464.68,3545701.77
6/28/2022,5799352.35,5797836.84
6/29/2022,7265484.49,7471904.08
6/30/2022,5503799.91,5548808.71
7/1/2022,5150082.22,5158929.6
7/2/2022,4591824.74,4681370.69
7/3/2022,3487232,3467227.39
7/4/2022,1208545.64,1210803.29
7/5/2022,1079245.09,1067117.75
7/6/2022,2003115.26,1958001.67
7/7/2022,2178171.4,2191625.58
7/8/2022,1881078.1,1982500.01
7/9/2022,1988747.3,2091746.39
7/10/2022,2250020.87,2249417.16
7/11/2022,3085208.06,3120714.69
7/12/2022,3275001.85,3465716.5
7/13/2022,3331997.68,3265956
7/14/2022,3428606.64,3482102.84
7/15/2022,3272104.3,3382105.17
7/16/2022,3060600.17,3054594.29
7/17/2022,3238870.01,3239433.47
7/18/2022,3305333.1,3363292.96
7/19/2022,3101945.44,3019090.18
7/20/2022,3436240.82,3222539.9
7/21/2022,3596036.01,3119249.05
7/22/2022,2771453.13,2364982.84
7/23/2022,4190232.53,3612754.83
7/24/2022,3833852.9,3118207.38
7/25/2022,2614143.21,2099890.98
7/26/2022,3176075.37,2651641.17
7/27/2022,4214912.76,3467925.47
7/28/2022,4859620.98,3942867.94
7/29/2022,3226100.81,2681143.22
7/30/2022,2682461.47,2137462.32
7/31/2022,4622917.86,3735517.99
8/1/2022,4081818.17,3201046.8
8/2/2022,4490226.96,3711709.11
8/3/2022,5085558.26,4209543.55
8/4/2022,4345026.44,3614349.89
8/5/2022,2114789.45,1780212.48
8/6/2022,2325289.52,2017328.21
8/7/2022,2331541.43,1882527.46
8/8/2022,3054473.91,2576748.48
8/9/2022,2488386.71,1932711.49
8/10/2022,2963483.62,2399743.47
8/11/2022,3674343.1,3109434.98
8/12/2022,2787707.25,2241846.4
8/13/2022,1789226.45,1446390.99
8/14/2022,2557373.24,2109123.95
8/15/2022,3869248.63,3309171.5
8/16/2022,3139997.28,2622848.5
8/17/2022,3480892.06,2948849.64
8/18/2022,4171974.77,3471070.42
8/19/2022,2011108.63,1643391.76
8/20/2022,2479005.37,2092133.98
8/21/2022,2235990.02,1905397.24
8/22/2022,3743695.22,3095599.8
8/23/2022,2422220.1,1951701.71
8/24/2022,3292983.26,2679505.93
8/25/2022,3512475.16,2996327.54
8/26/2022,3544046.7,2980867.4
8/27/2022,2367664.33,1897436.06
8/28/2022,7051722.27,5879145.36
8/29/2022,7928796.83,6503005.43
8/30/2022,6574345.89,5482415.72
8/31/2022,7627532.44,6341793.09
9/1/2022,6284732.49,5155753.38
9/2/2022,1902817.9,1746845.19
9/3/2022,1443083.36,1319555.66
9/4/2022,1814811.35,1668265.18
9/5/2022,2214621.47,2091481.45
9/6/2022,1440405.44,1324005.11
9/7/2022,1890879.55,1717460.94
9/8/2022,3137260.99,2854328.48
9/9/2022,1905843.43,1773901.8
9/10/2022,3003150.84,2629180.97
9/11/2022,3574194.77,3355823.68
9/12/2022,3415849.51,3102681.39
9/13/2022,2521208.91,2449598.89
9/14/2022,2125189.04,1992207.12
9/15/2022,3154006.65,2833555.37
9/16/2022,2557894.76,2402816.85
9/17/2022,1810510,1735920.18
9/18/2022,2355578.71,2098692.33
9/19/2022,2832515.44,2618684.64
9/20/2022,1813002.77,1685796.46
9/21/2022,2262085.02,2156585.58
9/22/2022,3106149.95,2910964.29
9/23/2022,2634119.24,2453809.45
9/24/2022,2896411.14,2694695.72
9/25/2022,3041369.47,2753150.12
9/26/2022,5205389.57,4849044.63
9/27/2022,4259834.95,3803492.23
9/28/2022,4257301.76,3860995.61
9/29/2022,4352754.23,4023586.93
9/30/2022,2551313.88,2332362.64
10/1/2022,1469771.93,1293984.1
10/2/2022,1289798.82,1015484.47
10/3/2022,2179072.88,1799910.69
10/4/2022,2751920.12,2302490.12
10/5/2022,1527341.84,1209546.76
10/6/2022,2026518.43,1678609.18
10/7/2022,1406363.3,1112130.94
10/8/2022,2137543.63,1805932.34
10/9/2022,1805775.79,1488842.7
10/10/2022,2356440.12,1975941.69
10/11/2022,2270162.6,1955651.17
10/12/2022,1976207.14,1617749.24
10/13/2022,2430819.33,1940628.06
10/14/2022,1927818.67,1586067.15
10/15/2022,1986495.19,1576156.75
10/16/2022,1897952.11,1655869.65
10/17/2022,2507328.8,2119354.36
10/18/2022,3170696.65,2645141.42
10/19/2022,2324314.45,1931007.25
10/20/2022,2591151.06,2095872.66
10/21/2022,2662328.56,2201489.2
10/22/2022,2407124.47,1949055.98
10/23/2022,1971627.46,1628494.03
10/24/2022,2678456.17,2245907.36
10/25/2022,3003375.87,2373976.27
10/26/2022,2345490.55,1902512.75
10/27/2022,2493935.72,2087492.57
10/28/2022,4210212.53,3513694.7
10/29/2022,3626939.26,2918150.87
10/30/2022,3130677.4,2518990.77
10/31/2022,4630791.46,3823758.6
11/1/2022,3025164.28,2504688.31
11/2/2022,1338326.56,1136192.76
11/3/2022,1253721.23,994106.82
11/4/2022,1065066,908402.36
11/5/2022,1826120.07,1592683.79
11/6/2022,2207719.98,1750011.7
11/7/2022,1655852.99,1340974.43
11/8/2022,1781413.12,1480654.53
11/9/2022,845358.47,699535.31
11/10/2022,2079598.87,1694276.76
11/11/2022,1581745.15,1307363.48
11/12/2022,1354235.95,1091940.76
11/13/2022,2903552.41,2399414.44
11/14/2022,1656739.7,1428653.75
11/15/2022,1547150.37,1239694.48
11/16/2022,1436853.58,1152791.3
11/17/2022,1542318.91,1326508.48
11/18/2022,2067584.69,1767319.2
11/19/2022,1496563.56,1377725.1
11/20/2022,1857748.24,1631718.89
11/21/2022,1349907.06,1276634.29
11/22/2022,853188.02,904694.78
11/23/2022,1060969.69,1157743.64
11/24/2022,1729664.2,1775190.25
11/25/2022,1527923.9,1576795.62
11/26/2022,2035639.78,2105948.81
11/27/2022,3138619.13,3283279.48
11/28/2022,2104917.42,2152332.4
11/29/2022,2558728.79,2694391.19
11/30/2022,1317689.52,1346354.39
12/1/2022,1668445.9,1683082.9
12/2/2022,720381.04,726739.78
12/3/2022,753704.17,751384
12/4/2022,664409.51,678890.04
12/5/2022,1607335.1,1688255.85
12/6/2022,1436188.44,1460346.38
12/7/2022,760218.13,731672.82
12/8/2022,818209.67,832757.07
12/9/2022,1323267.85,1366777.35
12/10/2022,1598936.84,1616981.65
12/11/2022,1420910.74,1526398.5
12/12/2022,1983085.06,2071778.79
12/13/2022,1652309.19,1687562.98
12/14/2022,1662243.59,1688191.22
12/15/2022,1494318.64,1554407.68
12/16/2022,1482192.97,1521540.05
12/17/2022,1302193.74,1321522.92
12/18/2022,2201374.59,2308997.06
12/19/2022,2250767.39,2245767.23
12/20/2022,2026810.08,2053084.16
12/21/2022,1795395.02,1806884.57
12/22/2022,1791622.46,1773829.08
12/23/2022,1501209.11,1499234.75
12/24/2022,1390870.89,1401661.67
12/25/2022,1136772.53,1160100.63
12/26/2022,2110830.12,2160963.69
12/27/2022,2100553.66,2184872.24
12/28/2022,3448729.2,3513621
12/29/2022,3083944.33,3170787.1
12/30/2022,2884668.76,3022292.15
12/31/2022,2383037.48,2279288.13
